{
    "position_482": {
        "Linear": 0.9717403087711187,
        "Quadratic": 0.9999961173873576,
        "Cubic": 0.9999999805074014,
        "Quartic": 0.9999999978387109
    },
    "position_441": {
        "Linear": 0.9713161591107274,
        "Quadratic": 0.9999957116161808,
        "Cubic": 0.9999999861620589,
        "Quartic": 0.999999997696596
    },
    "position_390": {
        "Linear": 0.966377414077732,
        "Quadratic": 0.9999916320054973,
        "Cubic": 0.9999996861007165,
        "Quartic": 0.9999999989386521
    },
    "position_359": {
        "Linear": 0.9613900276504792,
        "Quadratic": 0.9999930740226296,
        "Cubic": 0.999999971725509,
        "Quartic": 0.9999999982357564
    },
    "position_425": {
        "Linear": 0.9613015487736836,
        "Quadratic": 0.9999938611628858,
        "Cubic": 0.9999999783056689,
        "Quartic": 0.9999999970647032
    },
    "position_439": {
        "Linear": 0.960016339392736,
        "Quadratic": 0.9999918798022887,
        "Cubic": 0.9999999660939204,
        "Quartic": 0.9999999992347653
    },
    "position_444": {
        "Linear": 0.9586251384517794,
        "Quadratic": 0.9999944164249428,
        "Cubic": 0.9999999573050017,
        "Quartic": 0.999999995709593
    },
    "position_311": {
        "Linear": 0.9575635025006014,
        "Quadratic": 0.9999924047755415,
        "Cubic": 0.9999999600842086,
        "Quartic": 0.9999999956803582
    },
    "position_352": {
        "Linear": 0.9544309283505198,
        "Quadratic": 0.9999916305923777,
        "Cubic": 0.9999999649011535,
        "Quartic": 0.9999999963312707
    },
    "position_411": {
        "Linear": 0.953798424117482,
        "Quadratic": 0.9999890560537692,
        "Cubic": 0.9999996730236049,
        "Quartic": 0.9999999987360197
    },
    "position_403": {
        "Linear": 0.952535664675825,
        "Quadratic": 0.9999915475581272,
        "Cubic": 0.9999999684609838,
        "Quartic": 0.9999999961939993
    },
    "position_485": {
        "Linear": 0.9520168853756703,
        "Quadratic": 0.9999902771343109,
        "Cubic": 0.9999999389147168,
        "Quartic": 0.9999999954351045
    },
    "position_490": {
        "Linear": 0.9512455357527976,
        "Quadratic": 0.9999921474813688,
        "Cubic": 0.9999999678599285,
        "Quartic": 0.9999999984865061
    },
    "position_310": {
        "Linear": 0.9485210506473577,
        "Quadratic": 0.9999899603832808,
        "Cubic": 0.9999999654268888,
        "Quartic": 0.999999996064666
    },
    "position_344": {
        "Linear": 0.9433551919898115,
        "Quadratic": 0.999992440633594,
        "Cubic": 0.9999998906598614,
        "Quartic": 0.9999999973202447
    },
    "position_446": {
        "Linear": 0.9428635615677174,
        "Quadratic": 0.9999946579722246,
        "Cubic": 0.9999999171849044,
        "Quartic": 0.9999999977683955
    },
    "position_345": {
        "Linear": 0.9422937978137815,
        "Quadratic": 0.9999852662306016,
        "Cubic": 0.9999998427939908,
        "Quartic": 0.9999999966947531
    },
    "position_80": {
        "Linear": 0.94182268039782,
        "Quadratic": 0.9999914115650324,
        "Cubic": 0.9999999402983042,
        "Quartic": 0.9999999965273293
    },
    "position_337": {
        "Linear": 0.9417365882988216,
        "Quadratic": 0.9999923072159279,
        "Cubic": 0.9999999604291266,
        "Quartic": 0.9999999967129839
    },
    "position_477": {
        "Linear": 0.9417365882988216,
        "Quadratic": 0.9999923072159279,
        "Cubic": 0.9999999604291266,
        "Quartic": 0.9999999967129839
    },
    "position_367": {
        "Linear": 0.9407334838052945,
        "Quadratic": 0.9999924367666758,
        "Cubic": 0.9999998898197521,
        "Quartic": 0.9999999975700381
    },
    "position_436": {
        "Linear": 0.9404157510777598,
        "Quadratic": 0.999990364059886,
        "Cubic": 0.9999999583098841,
        "Quartic": 0.9999999963338577
    },
    "position_195": {
        "Linear": 0.9380618991410687,
        "Quadratic": 0.9999888807286483,
        "Cubic": 0.9999998857347183,
        "Quartic": 0.9999999945659195
    },
    "position_487": {
        "Linear": 0.9378521851271729,
        "Quadratic": 0.9999894529598736,
        "Cubic": 0.9999999617895811,
        "Quartic": 0.9999999963047209
    },
    "position_368": {
        "Linear": 0.9372184726913434,
        "Quadratic": 0.9999891987512638,
        "Cubic": 0.9999999351498041,
        "Quartic": 0.9999999961788664
    },
    "position_481": {
        "Linear": 0.9370599691699575,
        "Quadratic": 0.9999891239940278,
        "Cubic": 0.9999993896945595,
        "Quartic": 0.9999999971972471
    },
    "position_464": {
        "Linear": 0.9364577095328678,
        "Quadratic": 0.9999870715459782,
        "Cubic": 0.9999998930809518,
        "Quartic": 0.9999999937018318
    },
    "position_483": {
        "Linear": 0.9321861563855374,
        "Quadratic": 0.9999879500952648,
        "Cubic": 0.9999999429479006,
        "Quartic": 0.999999996375556
    },
    "position_427": {
        "Linear": 0.9303783589153916,
        "Quadratic": 0.9999899006170462,
        "Cubic": 0.9999998086474212,
        "Quartic": 0.9999999962661484
    },
    "position_335": {
        "Linear": 0.9301732165618048,
        "Quadratic": 0.9999810623891436,
        "Cubic": 0.9999999298084703,
        "Quartic": 0.9999999936842793
    },
    "position_496": {
        "Linear": 0.9290856374421891,
        "Quadratic": 0.9999771566949933,
        "Cubic": 0.9999998915879573,
        "Quartic": 0.999999991292907
    },
    "position_401": {
        "Linear": 0.9275664450539159,
        "Quadratic": 0.9999783063198688,
        "Cubic": 0.9999999309888403,
        "Quartic": 0.9999999938748004
    },
    "position_350": {
        "Linear": 0.9268323256645455,
        "Quadratic": 0.9999777529092405,
        "Cubic": 0.9999999326048348,
        "Quartic": 0.9999999938708473
    },
    "position_452": {
        "Linear": 0.9246451588657887,
        "Quadratic": 0.9999823951461686,
        "Cubic": 0.9999999501026128,
        "Quartic": 0.9999999956161193
    },
    "position_470": {
        "Linear": 0.9243043760239696,
        "Quadratic": 0.999987445407863,
        "Cubic": 0.9999999011112886,
        "Quartic": 0.9999999982379368
    },
    "position_472": {
        "Linear": 0.9236188317355405,
        "Quadratic": 0.9999775543954933,
        "Cubic": 0.9999999394653042,
        "Quartic": 0.9999999949716706
    },
    "position_422": {
        "Linear": 0.9230291994242157,
        "Quadratic": 0.9999757083266898,
        "Cubic": 0.9999999058148639,
        "Quartic": 0.9999999938323146
    },
    "position_397": {
        "Linear": 0.9208816543812137,
        "Quadratic": 0.9999779662044848,
        "Cubic": 0.9999999566093895,
        "Quartic": 0.9999999957102533
    },
    "position_159": {
        "Linear": 0.9182374027435084,
        "Quadratic": 0.9999755961974849,
        "Cubic": 0.9999999670946795,
        "Quartic": 0.9999999961244931
    },
    "position_369": {
        "Linear": 0.9181657972617426,
        "Quadratic": 0.999975656552056,
        "Cubic": 0.999999910568537,
        "Quartic": 0.9999999939669134
    },
    "position_12": {
        "Linear": 0.9156952924519134,
        "Quadratic": 0.9999736113685922,
        "Cubic": 0.9999998572775107,
        "Quartic": 0.9999999952498426
    },
    "position_113": {
        "Linear": 0.9150952641317035,
        "Quadratic": 0.9999760048204468,
        "Cubic": 0.9999998581440502,
        "Quartic": 0.9999999957960036
    },
    "position_196": {
        "Linear": 0.913992640358188,