{
    "position_213": {
        "Linear": 0.9514501646525005,
        "Quadratic": 0.9998735405767267,
        "Cubic": 0.9999999018064656,
        "Quartic": 0.9999999995929622
    },
    "position_232": {
        "Linear": 0.9335072692039238,
        "Quadratic": 0.9998144106801268,
        "Cubic": 0.999999959662379,
        "Quartic": 0.9999999991363993
    },
    "position_231": {
        "Linear": 0.9183852710973914,
        "Quadratic": 0.9997970081768649,
        "Cubic": 0.9999999373115265,
        "Quartic": 0.9999999970905333
    },
    "position_220": {
        "Linear": 0.9180086433503081,
        "Quadratic": 0.9998443806813669,
        "Cubic": 0.9999998931433294,
        "Quartic": 0.9999999982476158
    },
    "position_195": {
        "Linear": 0.9152472821325123,
        "Quadratic": 0.9997361495414401,
        "Cubic": 0.9999997653869171,
        "Quartic": 0.9999999939064758
    },
    "position_285": {
        "Linear": 0.9116852823355953,
        "Quadratic": 0.9998042379071485,
        "Cubic": 0.9999998531631605,
        "Quartic": 0.999999984857629
    },
    "position_265": {
        "Linear": 0.9034691791138857,
        "Quadratic": 0.99978358948232,
        "Cubic": 0.9999998422917556,
        "Quartic": 0.9999999828560839
    },
    "position_337": {
        "Linear": 0.9022365784546624,
        "Quadratic": 0.9996998261794202,
        "Cubic": 0.9999997211403454,
        "Quartic": 0.9999999931760644
    },
    "position_330": {
        "Linear": 0.896631224778949,
        "Quadratic": 0.9997249979116822,
        "Cubic": 0.9999997972456044,
        "Quartic": 0.9999999815713708
    },
    "position_343": {
        "Linear": 0.8963741477608064,
        "Quadratic": 0.9996996023529202,
        "Cubic": 0.9999993653918903,
        "Quartic": 0.9999999777059679
    },
    "position_275": {
        "Linear": 0.891146865390903,
        "Quadratic": 0.9997239062691183,
        "Cubic": 0.9999997574638607,
        "Quartic": 0.999999980340975
    },
    "position_304": {
        "Linear": 0.889260200236504,
        "Quadratic": 0.9996744363970286,
        "Cubic": 0.9999998245914377,
        "Quartic": 0.9999999905275028
    },
    "position_328": {
        "Linear": 0.8809042319810237,
        "Quadratic": 0.9996268244761005,
        "Cubic": 0.9999993423237343,
        "Quartic": 0.9999999864716443
    },
    "position_322": {
        "Linear": 0.8774870727594399,
        "Quadratic": 0.99975254061819,
        "Cubic": 0.9999998218597462,
        "Quartic": 0.9999999810012014
    },
    "position_266": {
        "Linear": 0.8769008717723195,
        "Quadratic": 0.999566724147491,
        "Cubic": 0.9999994666752033,
        "Quartic": 0.9999999924944325
    },
    "position_230": {
        "Linear": 0.8758235703291783,
        "Quadratic": 0.9996954708741601,
        "Cubic": 0.9999997945671276,
        "Quartic": 0.9999999798805791
    },
    "position_237": {
        "Linear": 0.8747332217432786,
        "Quadratic": 0.9995621439701703,
        "Cubic": 0.9999999150479362,
        "Quartic": 0.9999999994626134
    },
    "position_280": {
        "Linear": 0.8741132494561106,
        "Quadratic": 0.9997107439123638,
        "Cubic": 0.9999999250864942,
        "Quartic": 0.999999998159115
    },
    "position_236": {
        "Linear": 0.8731040844039657,
        "Quadratic": 0.9996321253468239,
        "Cubic": 0.9999990774353972,
        "Quartic": 0.9999999701840389
    },
    "position_333": {
        "Linear": 0.8650448405502668,
        "Quadratic": 0.9997418990706866,
        "Cubic": 0.9999999013821967,
        "Quartic": 0.9999999984036732
    },
    "position_106": {
        "Linear": 0.8641334637217872,
        "Quadratic": 0.9997598660060226,
        "Cubic": 0.9999998034761519,
        "Quartic": 0.9999999785873647
    },
    "position_212": {
        "Linear": 0.8640918583333237,
        "Quadratic": 0.999616418999683,
        "Cubic": 0.9999998499475085,
        "Quartic": 0.9999999980605446
    },
    "position_270": {
        "Linear": 0.8596004880122458,
        "Quadratic": 0.9994580820360399,
        "Cubic": 0.9999995649034459,
        "Quartic": 0.9999999994466122
    },
    "position_245": {
        "Linear": 0.8595509639523784,
        "Quadratic": 0.9996244030371128,
        "Cubic": 0.9999997239546041,
        "Quartic": 0.9999999807520712
    },
    "position_303": {
        "Linear": 0.8571998508808476,
        "Quadratic": 0.9996273046455624,
        "Cubic": 0.999999920972057,
        "Quartic": 0.9999999996503013
    },
    "position_73": {
        "Linear": 0.8559305017091352,
        "Quadratic": 0.9996943289774349,
        "Cubic": 0.9999997209403817,
        "Quartic": 0.9999999743487363
    },
    "position_107": {
        "Linear": 0.8525365024658116,
        "Quadratic": 0.9997266794125694,
        "Cubic": 0.9999997329007005,
        "Quartic": 0.9999999754595991
    },
    "position_87": {
        "Linear": 0.8429709211275036,
        "Quadratic": 0.9997294203313093,
        "Cubic": 0.9999998146138838,
        "Quartic": 0.9999999780633468
    },
    "position_80": {
        "Linear": 0.841573327700903,
        "Quadratic": 0.9996031059182005,
        "Cubic": 0.9999998662508606,
        "Quartic": 0.9999999875012417
    },
    "position_264": {
        "Linear": 0.8361185923447849,
        "Quadratic": 0.9994732888064553,
        "Cubic": 0.999999393858265,
        "Quartic": 0.9999999966022192
    },
    "position_184": {
        "Linear": 0.8350641067003258,
        "Quadratic": 0.999656818884617,
        "Cubic": 0.9999994033464941,
        "Quartic": 0.9999999687182545
    },
    "position_113": {
        "Linear": 0.8318515196787777,
        "Quadratic": 0.9995320118876132,
        "Cubic": 0.9999996352312294,
        "Quartic": 0.9999999995473815
    },
    "position_169": {
        "Linear": 0.8317658882035052,
        "Quadratic": 0.9996459057838908,
        "Cubic": 0.9999994107958614,
        "Quartic": 0.9999999695644498
    },
    "position_252": {
        "Linear": 0.822756957676126,
        "Quadratic": 0.9996288103995117,
        "Cubic": 0.9999999328500963,
        "Quartic": 0.9999999981042124
    },
    "position_196": {
        "Linear": 0.8210817962471295,
        "Quadratic": 0.9995023513967358,
        "Cubic": 0.9999998076556769,
        "Quartic": 0.999999997148791
    },
    "position_293": {
        "Linear": 0.8172861807420578,
        "Quadratic": 0.9994831853678403,
        "Cubic": 0.9999996548518834,
        "Quartic": 0.9999999959076838
    },
    "position_125": {
        "Linear": 0.8113158734460864,
        "Quadratic": 0.9996829389117129,
        "Cubic": 0.9999998758418716,
        "Quartic": 0.9999999813322795
    },
    "position_142": {
        "Linear": 0.8079514642733868,
        "Quadratic": 0.9997301718323054,
        "Cubic": 0.9999998906289771,
        "Quartic": 0.9999999836730425
    },
    "position_263": {
        "Linear": 0.807105510523272,
        "Quadratic": 0.9995261217965246,
        "Cubic": 0.9999991205927221,
        "Quartic": 0.999999969772297
    },
    "position_288": {
        "Linear": 0.7999242717318927,
        "Quadratic": 0.9995132525139904,
        "Cubic": 0.9999998195779082,
        "Quartic": 0.9999999994812167
    },
    "position_240": {
        "Linear": 0.791825019870907,
        "Quadratic": 0.9994604244081542,
        "Cubic": 0.9999999164012763,
        "Quartic": 0.9999999941942637
    },
    "position_281": {
        "Linear": 0.7912512825409375,
        "Quadratic": 0.9993781349905322,
        "Cubic": 0.999999604339474,
        "Quartic": 0.9999999122440884
    },
    "position_345": {
        "Linear": 0.7814079022480362,