{
    "position_1": {
        "Linear": 0.3011595639139195,
        "Quadratic": 0.9937134180279663,
        "Cubic": 0.9998485402560293,
        "Quartic": 0.9999637314342801
    },
    "position_2": {
        "Linear": 0.8943469484969382,
        "Quadratic": 0.999612275273883,
        "Cubic": 0.9999936340754839,
        "Quartic": 0.999999641714957
    },
    "position_3": {
        "Linear": 0.9293009867246997,
        "Quadratic": 0.9998815196446474,
        "Cubic": 0.9999991157881831,
        "Quartic": 0.9999996458347585
    },
    "position_4": {
        "Linear": 0.1034493577319191,
        "Quadratic": 0.9975384264615352,
        "Cubic": 0.9999631189305168,
        "Quartic": 0.9999986164930543
    },
    "position_5": {
        "Linear": 0.7121473267567247,
        "Quadratic": 0.9998183009295831,
        "Cubic": 0.9999966777215618,
        "Quartic": 0.9999997172588778
    },
    "position_6": {
        "Linear": 0.8977907194710537,
        "Quadratic": 0.9998647383063954,
        "Cubic": 0.999999858568077,
        "Quartic": 0.9999994628716662
    },
    "position_7": {
        "Linear": 0.896298922455957,
        "Quadratic": 0.9998203640545564,
        "Cubic": 0.9999996211915781,
        "Quartic": 0.9999991436084625
    },
    "position_8": {
        "Linear": 0.802166940590578,
        "Quadratic": 0.9998410374095662,
        "Cubic": 0.9999970107829118,
        "Quartic": 0.9999996412456482
    },
    "position_9": {
        "Linear": 0.8619602074149012,
        "Quadratic": 0.9998390033401419,
        "Cubic": 0.9999985914148082,
        "Quartic": 0.9999997967673304
    },
    "position_10": {
        "Linear": 0.9109405943297887,
        "Quadratic": 0.999717574400383,
        "Cubic": 0.9999945297960472,
        "Quartic": 0.9999995378458707
    },
    "position_11": {
        "Linear": 0.8902553904601492,
        "Quadratic": 0.9997928505683737,
        "Cubic": 0.9999924582737839,
        "Quartic": 0.9999993834463959
    },
    "position_12": {
        "Linear": 0.9161353186035628,
        "Quadratic": 0.9997692010196018,
        "Cubic": 0.9999980163199513,
        "Quartic": 0.9999994537830506
    },
    "position_13": {
        "Linear": 0.9236650893815852,
        "Quadratic": 0.9997707252965985,
        "Cubic": 0.9999983685898397,
        "Quartic": 0.9999993922299155
    },
    "position_14": {
        "Linear": 0.9331716998460744,
        "Quadratic": 0.9997750024058598,
        "Cubic": 0.999998084604008,
        "Quartic": 0.9999995554424016
    },
    "position_15": {
        "Linear": 0.9031657514144298,
        "Quadratic": 0.9998049499387246,
        "Cubic": 0.999999329124609,
        "Quartic": 0.9999991175213944
    },
    "position_16": {
        "Linear": 0.866048709888866,
        "Quadratic": 0.999881276437057,
        "Cubic": 0.9999997998634294,
        "Quartic": 0.9999995980585584
    },
    "position_17": {
        "Linear": 0.8597915870346026,
        "Quadratic": 0.9998858209886577,
        "Cubic": 0.9999997841703032,
        "Quartic": 0.9999996588152746
    },
    "position_18": {
        "Linear": 0.8111178808194905,
        "Quadratic": 0.9998533494985498,
        "Cubic": 0.9999964252463339,
        "Quartic": 0.9999995296668523
    },
    "position_19": {
        "Linear": 0.8962771341937458,
        "Quadratic": 0.9996811670239134,
        "Cubic": 0.999998809724581,
        "Quartic": 0.9999990494301884
    },
    "position_20": {
        "Linear": 0.8731988586751389,
        "Quadratic": 0.9998644263130957,
        "Cubic": 0.9999997700345976,
        "Quartic": 0.9999994240660507
    },
    "position_21": {
        "Linear": 0.44833989671391206,
        "Quadratic": 0.9993109122627925,
        "Cubic": 0.9999850802409074,
        "Quartic": 0.9999989709146829
    },
    "position_22": {
        "Linear": 0.8738664461296202,
        "Quadratic": 0.9998814468389972,
        "Cubic": 0.9999997596648267,
        "Quartic": 0.9999995846647358
    },
    "position_23": {
        "Linear": 0.8383838939183269,
        "Quadratic": 0.9998389853224446,
        "Cubic": 0.9999935590497417,
        "Quartic": 0.9999995294643595
    },
    "position_24": {
        "Linear": 0.926557603504241,
        "Quadratic": 0.9998790862515717,
        "Cubic": 0.999999152762268,
        "Quartic": 0.9999996551642419
    },
    "position_25": {
        "Linear": 0.8797532005279913,
        "Quadratic": 0.9998563775906598,
        "Cubic": 0.9999998241016136,
        "Quartic": 0.9999994140463728
    },
    "position_26": {
        "Linear": 0.9532641654987896,
        "Quadratic": 0.9997426858112538,
        "Cubic": 0.9999971968678304,
        "Quartic": 0.9999999533531286
    },
    "position_27": {
        "Linear": 0.7168889192801844,
        "Quadratic": 0.9998593970639921,
        "Cubic": 0.999997105856682,
        "Quartic": 0.9999997124144605
    },
    "position_28": {
        "Linear": 0.18950676268092037,
        "Quadratic": 0.9979431551472424,
        "Cubic": 0.9999670582131739,
        "Quartic": 0.9999986259776921
    },
    "position_29": {
        "Linear": 0.9351177842072587,
        "Quadratic": 0.9998506799797362,
        "Cubic": 0.9999999510714217,
        "Quartic": 0.9999992659496298
    },
    "position_30": {
        "Linear": 0.4422877602924714,
        "Quadratic": 0.999768788901334,
        "Cubic": 0.9999947021696031,
        "Quartic": 0.9999995183084255
    },
    "position_31": {
        "Linear": 0.8986252825853622,
        "Quadratic": 0.9997826967169225,
        "Cubic": 0.9999989208491554,
        "Quartic": 0.9999991773919122
    },
    "position_32": {
        "Linear": 0.9350343764632624,
        "Quadratic": 0.9997867116147997,
        "Cubic": 0.9999982806498318,
        "Quartic": 0.9999995470904326
    },
    "position_33": {
        "Linear": 0.9491526447418974,
        "Quadratic": 0.9997725681676117,
        "Cubic": 0.999998949861761,
        "Quartic": 0.9999999792910162
    },
    "position_34": {
        "Linear": 0.933051542231508,
        "Quadratic": 0.999835572103834,
        "Cubic": 0.9999994096184073,
        "Quartic": 0.9999998409807287
    },
    "position_35": {
        "Linear": 0.8806952517491984,
        "Quadratic": 0.9998578621283588,
        "Cubic": 0.9999977006230761,
        "Quartic": 0.9999995363277216
    },
    "position_36": {
        "Linear": 0.8871096691336866,
        "Quadratic": 0.9998627209796708,
        "Cubic": 0.9999998976843437,
        "Quartic": 0.9999994859710712
    },
    "position_37": {
        "Linear": 0.9448930400843454,
        "Quadratic": 0.9998173587348445,
        "Cubic": 0.9999939966420541,
        "Quartic": 0.9999996120660861
    },
    "position_38": {
        "Linear": 0.8196866867062408,
        "Quadratic": 0.9998356379723977,
        "Cubic": 0.9999994768065189,
        "Quartic": 0.999999891721135
    },
    "position_39": {
        "Linear": 0.8267180842734887,
        "Quadratic": 0.9998387088918403,
        "Cubic": 0.999992284390831,
        "Quartic": 0.9999995543294401
    },
    "position_40": {
        "Linear": 0.8779001270000492,
        "Quadratic": 0.9998260273515841,
        "Cubic": 0.9999996944591178,
        "Quartic": 0.9999991195411012
    },
    "position_41": {
        "Linear": 0.9414395445103189,
        "Quadratic": 0.9998482145708103,
        "Cubic": 0.999999884802462,
        "Quartic": 0.9999992841115662
    },
    "position_42": {
        "Linear": 0.9379466940402181,
        "Quadratic": 0.9998542093315166,
        "Cubic": 0.9999999110257787,
        "Quartic": 0.9999993458854141
    },
    "position_43": {
        "Linear": 0.8532898531109309,
        "Quadratic": 0.9998158366858736,