{
    "position_26": {
        "Linear": 0.9532641654987896,
        "Quadratic": 0.9997426858112538,
        "Cubic": 0.9999971968678304,
        "Quartic": 0.9999999533531286
    },
    "position_33": {
        "Linear": 0.9491526447418974,
        "Quadratic": 0.9997725681676117,
        "Cubic": 0.999998949861761,
        "Quartic": 0.9999999792910162
    },
    "position_85": {
        "Linear": 0.9490932185328178,
        "Quadratic": 0.9998717788483594,
        "Cubic": 0.9999993895541878,
        "Quartic": 0.9999997951608054
    },
    "position_97": {
        "Linear": 0.948058325362454,
        "Quadratic": 0.999730629366339,
        "Cubic": 0.9999927607711555,
        "Quartic": 0.9999998419123579
    },
    "position_87": {
        "Linear": 0.9472069385390774,
        "Quadratic": 0.9997765960605962,
        "Cubic": 0.9999972516822252,
        "Quartic": 0.9999997398857935
    },
    "position_37": {
        "Linear": 0.9448930400843454,
        "Quadratic": 0.9998173587348445,
        "Cubic": 0.9999939966420541,
        "Quartic": 0.9999996120660861
    },
    "position_88": {
        "Linear": 0.9415956890316455,
        "Quadratic": 0.9997220543031835,
        "Cubic": 0.9999926590385522,
        "Quartic": 0.9999999450621464
    },
    "position_67": {
        "Linear": 0.9415472586767841,
        "Quadratic": 0.9997063820514991,
        "Cubic": 0.9999981784089989,
        "Quartic": 0.9999994821555975
    },
    "position_41": {
        "Linear": 0.9414395445103189,
        "Quadratic": 0.9998482145708103,
        "Cubic": 0.999999884802462,
        "Quartic": 0.9999992841115662
    },
    "position_95": {
        "Linear": 0.9405101044786043,
        "Quadratic": 0.9998124160859545,
        "Cubic": 0.9999941927641911,
        "Quartic": 0.999999294730338
    },
    "position_49": {
        "Linear": 0.9404409693227473,
        "Quadratic": 0.9998663882463567,
        "Cubic": 0.9999992096783679,
        "Quartic": 0.9999997324178137
    },
    "position_90": {
        "Linear": 0.9394235282823385,
        "Quadratic": 0.9998421253576355,
        "Cubic": 0.9999997947045128,
        "Quartic": 0.9999992810734155
    },
    "position_79": {
        "Linear": 0.9388832284343716,
        "Quadratic": 0.9998040751683711,
        "Cubic": 0.9999932937516859,
        "Quartic": 0.9999994498261652
    },
    "position_48": {
        "Linear": 0.9383091255257879,
        "Quadratic": 0.9996243888391494,
        "Cubic": 0.9999905198657426,
        "Quartic": 0.999999991102235
    },
    "position_44": {
        "Linear": 0.9380337239649369,
        "Quadratic": 0.999875256274554,
        "Cubic": 0.9999999711835615,
        "Quartic": 0.9999995637923507
    },
    "position_42": {
        "Linear": 0.9379466940402181,
        "Quadratic": 0.9998542093315166,
        "Cubic": 0.9999999110257787,
        "Quartic": 0.9999993458854141
    },
    "position_82": {
        "Linear": 0.9377017511270218,
        "Quadratic": 0.9998102464576897,
        "Cubic": 0.9999998237705281,
        "Quartic": 0.9999999897557963
    },
    "position_68": {
        "Linear": 0.9365497203967268,
        "Quadratic": 0.9998236286895572,
        "Cubic": 0.999997420441088,
        "Quartic": 0.9999995634632584
    },
    "position_54": {
        "Linear": 0.9364417897220927,
        "Quadratic": 0.9998100872516977,
        "Cubic": 0.9999990731088941,
        "Quartic": 0.9999993409451154
    },
    "position_62": {
        "Linear": 0.935887697146911,
        "Quadratic": 0.9998200813548852,
        "Cubic": 0.9999997050814484,
        "Quartic": 0.9999999526604706
    },
    "position_65": {
        "Linear": 0.9351562167135459,
        "Quadratic": 0.999815561133688,
        "Cubic": 0.9999993773437268,
        "Quartic": 0.999999276497885
    },
    "position_29": {
        "Linear": 0.9351177842072587,
        "Quadratic": 0.9998506799797362,
        "Cubic": 0.9999999510714217,
        "Quartic": 0.9999992659496298
    },
    "position_32": {
        "Linear": 0.9350343764632624,
        "Quadratic": 0.9997867116147997,
        "Cubic": 0.9999982806498318,
        "Quartic": 0.9999995470904326
    },
    "position_14": {
        "Linear": 0.9331716998460744,
        "Quadratic": 0.9997750024058598,
        "Cubic": 0.999998084604008,
        "Quartic": 0.9999995554424016
    },
    "position_34": {
        "Linear": 0.933051542231508,
        "Quadratic": 0.999835572103834,
        "Cubic": 0.9999994096184073,
        "Quartic": 0.9999998409807287
    },
    "position_89": {
        "Linear": 0.9325202535203441,
        "Quadratic": 0.9998085584473425,
        "Cubic": 0.9999966883904936,
        "Quartic": 0.9999994987809548
    },
    "position_73": {
        "Linear": 0.9325083505488874,
        "Quadratic": 0.9998013023131477,
        "Cubic": 0.9999932232831396,
        "Quartic": 0.9999995257546083
    },
    "position_50": {
        "Linear": 0.9320419875496778,
        "Quadratic": 0.9997554824638705,
        "Cubic": 0.9999971035058408,
        "Quartic": 0.9999997421589193
    },
    "position_74": {
        "Linear": 0.9303513894216138,
        "Quadratic": 0.9998807982389697,
        "Cubic": 0.9999992160368067,
        "Quartic": 0.999999669048981
    },
    "position_3": {
        "Linear": 0.9293009867246997,
        "Quadratic": 0.9998815196446474,
        "Cubic": 0.9999991157881831,
        "Quartic": 0.9999996458347585
    },
    "position_86": {
        "Linear": 0.9290416283409695,
        "Quadratic": 0.9997401801366859,
        "Cubic": 0.9999964141358758,
        "Quartic": 0.9999998281947181
    },
    "position_96": {
        "Linear": 0.9279944936367291,
        "Quadratic": 0.999767303302159,
        "Cubic": 0.9999977713696979,
        "Quartic": 0.9999995540031563
    },
    "position_24": {
        "Linear": 0.926557603504241,
        "Quadratic": 0.9998790862515717,
        "Cubic": 0.999999152762268,
        "Quartic": 0.9999996551642419
    },
    "position_93": {
        "Linear": 0.9239347868854316,
        "Quadratic": 0.9996538836476025,
        "Cubic": 0.9999970278738809,
        "Quartic": 0.9999996975389506
    },
    "position_13": {
        "Linear": 0.9236650893815852,
        "Quadratic": 0.9997707252965985,
        "Cubic": 0.9999983685898397,
        "Quartic": 0.9999993922299155
    },
    "position_92": {
        "Linear": 0.9197149251070724,
        "Quadratic": 0.9996843537029573,
        "Cubic": 0.9999976357387628,
        "Quartic": 0.9999998991138763
    },
    "position_69": {
        "Linear": 0.9174480561632445,
        "Quadratic": 0.9998139713606831,
        "Cubic": 0.9999999071400842,
        "Quartic": 0.999999707283054
    },
    "position_100": {
        "Linear": 0.9166947259354993,
        "Quadratic": 0.9997459859945431,
        "Cubic": 0.9999996874637556,
        "Quartic": 0.9999999618772107
    },
    "position_46": {
        "Linear": 0.9165687826254691,
        "Quadratic": 0.9998080973750852,
        "Cubic": 0.9999996750502217,
        "Quartic": 0.9999990394214074
    },
    "position_12": {
        "Linear": 0.9161353186035628,
        "Quadratic": 0.9997692010196018,
        "Cubic": 0.9999980163199513,
        "Quartic": 0.9999994537830506
    },
    "position_84": {
        "Linear": 0.9157920984588999,
        "Quadratic": 0.999751319664124,
        "Cubic": 0.9999987642847102,
        "Quartic": 0.9999997016678724
    },
    "position_80": {
        "Linear": 0.911629558149587,
        "Quadratic": 0.9996730345059834,
        "Cubic": 0.9999945987349927,
        "Quartic": 0.9999994499464908
    },
    "position_10": {
        "Linear": 0.9109405943297887,
        "Quadratic": 0.999717574400383,