{
    "position_1": {
        "Linear": 0.9404578109750111,
        "Bilinear": 0.9886400704672493,
        "Cubic": 0.9991284872107499,
        "4th": 0.9999473079446857
    },
    "position_2": {
        "Linear": 0.9045572190160958,
        "Bilinear": 0.9755060197705853,
        "Cubic": 0.997414856339716,
        "4th": 0.9997709595309475
    },
    "position_3": {
        "Linear": 0.9128761364504752,
        "Bilinear": 0.9804907001196791,
        "Cubic": 0.998103440539091,
        "4th": 0.999846461980176
    },
    "position_4": {
        "Linear": 0.9173822261301414,
        "Bilinear": 0.9825828282576071,
        "Cubic": 0.9983849894048772,
        "4th": 0.9998772180198148
    },
    "position_5": {
        "Linear": 0.9343617800352673,
        "Bilinear": 0.9866679438446612,
        "Cubic": 0.99890392341605,
        "4th": 0.99992813702834
    },
    "position_6": {
        "Linear": 0.7371469976000682,
        "Bilinear": 0.9224064937758862,
        "Cubic": 0.9865506748630779,
        "4th": 0.997988538133635
    },
    "position_7": {
        "Linear": 0.9302609203552216,
        "Bilinear": 0.9799783560013018,
        "Cubic": 0.998080250977267,
        "4th": 0.9998446712825881
    },
    "position_8": {
        "Linear": 0.5543965448087187,
        "Bilinear": 0.8434539554905024,
        "Cubic": 0.9639858674157521,
        "4th": 0.9928478362168383
    },
    "position_9": {
        "Linear": 0.9094274385988854,
        "Bilinear": 0.9794147776686469,
        "Cubic": 0.9979537357757191,
        "4th": 0.9998294145952579
    },
    "position_10": {
        "Linear": 0.9049105005413793,
        "Bilinear": 0.9793043902174471,
        "Cubic": 0.9979316343236566,
        "4th": 0.9998275810735772
    },
    "position_11": {
        "Linear": 0.6401815861436654,
        "Bilinear": 0.8266006438106553,
        "Cubic": 0.960108999101796,
        "4th": 0.9920358554257568
    },
    "position_12": {
        "Linear": 0.8978913774119831,
        "Bilinear": 0.9752463688634266,
        "Cubic": 0.9973644619750054,
        "4th": 0.9997646774865536
    },
    "position_13": {
        "Linear": 0.87704601539041,
        "Bilinear": 0.9697903297081987,
        "Cubic": 0.9965362247690511,
        "4th": 0.9996731234293429
    },
    "position_14": {
        "Linear": 0.9357512008398028,
        "Bilinear": 0.9870372736193022,
        "Cubic": 0.9989485291123896,
        "4th": 0.9999320844623443
    },
    "position_15": {
        "Linear": 0.906152454346031,
        "Bilinear": 0.9654287612352137,
        "Cubic": 0.9959598424013795,
        "4th": 0.9995856199957246
    },
    "position_16": {
        "Linear": 0.8889481808092785,
        "Bilinear": 0.9730756363942239,
        "Cubic": 0.9970361137401129,
        "4th": 0.9997280550757314
    },
    "position_17": {
        "Linear": 0.4909832411137669,
        "Bilinear": 0.778757657562469,
        "Cubic": 0.9428240950577894,
        "4th": 0.9873677813631708
    },
    "position_18": {
        "Linear": 0.9287245326002921,
        "Bilinear": 0.9860991526968022,
        "Cubic": 0.9988327340467671,
        "4th": 0.9999219682120185
    },
    "position_19": {
        "Linear": -0.3230989537098865,
        "Bilinear": 0.316442811727381,
        "Cubic": 0.7359957605704064,
        "4th": 0.9166254723050616
    },
    "position_20": {
        "Linear": 0.904576507304336,
        "Bilinear": 0.977815367929718,
        "Cubic": 0.9977259787993049,
        "4th": 0.9998034462066272
    },
    "position_21": {
        "Linear": 0.9529874387136267,
        "Bilinear": 0.9868530146828655,
        "Cubic": 0.9989609765900859,
        "4th": 0.9999335311063843
    },
    "position_22": {
        "Linear": 0.8061301210094933,
        "Bilinear": 0.9524678609479298,
        "Cubic": 0.993209240002142,
        "4th": 0.9991610632964046
    },
    "position_23": {
        "Linear": 0.7839324849933595,
        "Bilinear": 0.653210204278099,
        "Cubic": 0.9202360486864594,
        "4th": 0.9753516807670694
    },
    "position_24": {
        "Linear": 0.9245668854259066,
        "Bilinear": 0.9845508230377797,
        "Cubic": 0.9986433893778964,
        "4th": 0.9999036937330389
    },
    "position_25": {
        "Linear": 0.12850453244097138,
        "Bilinear": 0.5065087527753144,
        "Cubic": 0.8328156823426577,
        "4th": 0.9530276497486768
    },
    "position_26": {
        "Linear": 0.8666027291273087,
        "Bilinear": 0.9635487637209685,
        "Cubic": 0.9955245363299656,
        "4th": 0.9995506337586956
    },
    "position_27": {
        "Linear": -0.24777848814867398,
        "Bilinear": 0.25126705238001934,
        "Cubic": 0.7106164647032688,
        "4th": 0.9094185736963477
    },
    "position_28": {
        "Linear": 0.9180022127934523,
        "Bilinear": 0.9827011928559547,
        "Cubic": 0.9984022882193293,
        "4th": 0.9998792425715097
    },
    "position_29": {
        "Linear": 0.9348825199819687,
        "Bilinear": 0.9875884458234728,
        "Cubic": 0.9990086772363331,
        "4th": 0.9999374158757083
    },
    "position_30": {
        "Linear": 0.9225663572046807,
        "Bilinear": 0.9839684583233446,
        "Cubic": 0.9985685037905266,
        "4th": 0.9998963674179417
    },
    "position_31": {
        "Linear": 0.9002172732958449,
        "Bilinear": 0.8614391785425144,
        "Cubic": 0.9759410385223228,
        "4th": 0.9953406918285018
    },
    "position_32": {
        "Linear": 0.9334744896811098,
        "Bilinear": 0.9873343331048269,
        "Cubic": 0.9989797894621588,
        "4th": 0.9999351473086744
    },
    "position_33": {
        "Linear": 0.9518584061223159,
        "Bilinear": 0.9424880692672545,
        "Cubic": 0.9931473464330588,
        "4th": 0.9990936342413929
    },
    "position_34": {
        "Linear": 0.9105987661490641,
        "Bilinear": 0.945266497916489,
        "Cubic": 0.9927000739366221,
        "4th": 0.9990874695410638
    },
    "position_35": {
        "Linear": 0.7672511944336473,
        "Bilinear": 0.8955727849127857,
        "Cubic": 0.980551776883611,
        "4th": 0.9967977347228858
    },
    "position_36": {
        "Linear": 0.8897834085987606,
        "Bilinear": 0.9718894559655309,
        "Cubic": 0.9968687961209952,
        "4th": 0.9997106872759295
    },
    "position_37": {
        "Linear": 0.8789288208010113,
        "Bilinear": 0.9705390203365099,
        "Cubic": 0.9966505607091496,
        "4th": 0.9996855542274293
    },
    "position_38": {
        "Linear": 0.2869657799837092,
        "Bilinear": 0.6629823281848748,
        "Cubic": 0.8984939515172072,
        "4th": 0.9742645246489894
    },
    "position_39": {
        "Linear": 0.001731426130507585,
        "Bilinear": 0.4113873982201812,
        "Cubic": 0.7892679179744881,
        "4th": 0.9381945227172721
    },
    "position_40": {
        "Linear": 0.8944625950260388,
        "Bilinear": 0.9754651773454402,
        "Cubic": 0.99738090393652,
        "4th": 0.9997651645290372
    },
    "position_41": {
        "Linear": 0.85365632740107,
        "Bilinear": 0.9124590933079801,
        "Cubic": 0.9855525638367564,
        "4th": 0.9978123698176334
    },
    "position_42": {
        "Linear": 0.9464289957021829,
        "Bilinear": 0.9590533422055677,
        "Cubic": 0.9953545644464766,
        "4th": 0.9994999755256508
    },
    "position_43": {
        "Linear": 0.8891585301707332,
        "Bilinear": 0.9733326369432286,
        "Cubic": 0.9970723570181791,
        "4th": 0.9997320677080916
    },
    "position_44": {
        "Linear": 0.8881800123582412,
        "Bilinear": 0.9723602168941003,
        "Cubic": 0.9969395124458831,