{
    "position_1": {
        "Linear": 0.9228459171726505,
        "Bilinear": 0.9194179673413454,
        "Cubic": 0.9770507165979913,
        "4th": 0.9924871470292989
    },
    "position_2": {
        "Linear": 0.8736697967539224,
        "Bilinear": 0.853708951575377,
        "Cubic": 0.9380213825794539,
        "4th": 0.9764313104177462
    },
    "position_3": {
        "Linear": 0.961754574625827,
        "Bilinear": 0.9513391482850659,
        "Cubic": 0.9855315572747485,
        "4th": 0.9958289008754758
    },
    "position_4": {
        "Linear": 0.9191779085748923,
        "Bilinear": 0.9058848386991167,
        "Cubic": 0.9645275937833503,
        "4th": 0.987657173595611
    },
    "position_5": {
        "Linear": 0.7019402461730082,
        "Bilinear": 0.6659476907248589,
        "Cubic": 0.8338964165012781,
        "4th": 0.9236256008856816
    },
    "position_6": {
        "Linear": 0.9414830486353505,
        "Bilinear": 0.9283832167466156,
        "Cubic": 0.9788950911556257,
        "4th": 0.993252814579547
    },
    "position_7": {
        "Linear": 0.9471119174022421,
        "Bilinear": 0.9345408245861482,
        "Cubic": 0.9812047026584175,
        "4th": 0.994183201812916
    },
    "position_8": {
        "Linear": 0.9572823182253449,
        "Bilinear": 0.9374899722440262,
        "Cubic": 0.9811678502151465,
        "4th": 0.9942058614371594
    },
    "position_9": {
        "Linear": 0.9563126935569051,
        "Bilinear": 0.9529144274102889,
        "Cubic": 0.9886327827474486,
        "4th": 0.9968259141558594
    },
    "position_10": {
        "Linear": 0.9248899712322589,
        "Bilinear": 0.9288233436137551,
        "Cubic": 0.9817981378474222,
        "4th": 0.9942505583513678
    },
    "position_11": {
        "Linear": 0.9776652008629825,
        "Bilinear": 0.9673076196130496,
        "Cubic": 0.992535045663477,
        "4th": 0.9981362485567403
    },
    "position_12": {
        "Linear": 0.8387401535543546,
        "Bilinear": 0.9081320159119466,
        "Cubic": 0.97740114935691,
        "4th": 0.9922565917978456
    },
    "position_13": {
        "Linear": 0.9794777079447525,
        "Bilinear": 0.9651146602093421,
        "Cubic": 0.991087958105296,
        "4th": 0.9977213964363271
    },
    "position_14": {
        "Linear": 0.9726970752485748,
        "Bilinear": 0.9585537740060672,
        "Cubic": 0.9884822943086613,
        "4th": 0.996920506860739
    },
    "position_15": {
        "Linear": 0.920363069454814,
        "Bilinear": 0.9082298326769406,
        "Cubic": 0.9653095269304917,
        "4th": 0.9882205061906256
    },
    "position_16": {
        "Linear": 0.9533005544129132,
        "Bilinear": 0.9323197798983484,
        "Cubic": 0.9785253904867746,
        "4th": 0.9932442634713119
    },
    "position_17": {
        "Linear": 0.9287084808900778,
        "Bilinear": 0.9127022504057689,
        "Cubic": 0.9684650285857871,
        "4th": 0.9892556128609086
    },
    "position_18": {
        "Linear": 0.9480954452937111,
        "Bilinear": 0.9389604513770692,
        "Cubic": 0.9800796486862758,
        "4th": 0.9939296247452503
    },
    "position_19": {
        "Linear": 0.7171453621149162,
        "Bilinear": 0.6826335879500756,
        "Cubic": 0.8423285003861978,
        "4th": 0.9297038206014312
    },
    "position_20": {
        "Linear": 0.9414564638896525,
        "Bilinear": 0.9420086460552581,
        "Cubic": 0.9850886988484754,
        "4th": 0.9955284789679281
    },
    "position_21": {
        "Linear": 0.9447609798294314,
        "Bilinear": 0.928042165092382,
        "Cubic": 0.9754686593557872,
        "4th": 0.9921843762927345
    },
    "position_22": {
        "Linear": 0.8242152922104752,
        "Bilinear": 0.794350939179268,
        "Cubic": 0.9070387963877256,
        "4th": 0.9607341455588079
    },
    "position_23": {
        "Linear": 0.968365140154719,
        "Bilinear": 0.9512025144086428,
        "Cubic": 0.986560749520289,
        "4th": 0.9961992862383858
    },
    "position_24": {
        "Linear": 0.8090318904565652,
        "Bilinear": 0.9028115161840555,
        "Cubic": 0.9767364604003423,
        "4th": 0.9918991515495986
    },
    "position_25": {
        "Linear": 0.9792196545543757,
        "Bilinear": 0.9651232533103922,
        "Cubic": 0.9914108274594238,
        "4th": 0.9978237510750094
    },
    "position_26": {
        "Linear": 0.9700635630271043,
        "Bilinear": 0.9546048923388464,
        "Cubic": 0.9877521537771445,
        "4th": 0.996623222025166
    },
    "position_27": {
        "Linear": 0.9557182928777898,
        "Bilinear": 0.9463388438328688,
        "Cubic": 0.9859988196929906,
        "4th": 0.9959589446250284
    },
    "position_28": {
        "Linear": 0.9831651551407413,
        "Bilinear": 0.9722289450342846,
        "Cubic": 0.9930878979530531,
        "4th": 0.9983312640387698
    },
    "position_29": {
        "Linear": 0.9640941963286035,
        "Bilinear": 0.9457875314839513,
        "Cubic": 0.984967068424911,
        "4th": 0.9956149101911854
    },
    "position_30": {
        "Linear": 0.9773332125250666,
        "Bilinear": 0.9633941303177,
        "Cubic": 0.9902848494330506,
        "4th": 0.9974580550289571
    },
    "position_31": {
        "Linear": 0.9794863950940699,
        "Bilinear": 0.9681732394224967,
        "Cubic": 0.9917134389771289,
        "4th": 0.9979063641889646
    },
    "position_32": {
        "Linear": 0.8685654772224821,
        "Bilinear": 0.861737075331235,
        "Cubic": 0.941303696709384,
        "4th": 0.9780632740727355
    },
    "position_33": {
        "Linear": 0.9748317327700338,
        "Bilinear": 0.9632109159260029,
        "Cubic": 0.9897487469003962,
        "4th": 0.9973319283680515
    },
    "position_34": {
        "Linear": 0.9331748649065583,
        "Bilinear": 0.9258966759018992,
        "Cubic": 0.9740445640902076,
        "4th": 0.991543838399391
    },
    "position_35": {
        "Linear": 0.9792101598203041,
        "Bilinear": 0.9657237263076776,
        "Cubic": 0.9911306874165073,
        "4th": 0.9977267617464048
    },
    "position_36": {
        "Linear": 0.9497723735629439,
        "Bilinear": 0.939936198835818,
        "Cubic": 0.9803529899608785,
        "4th": 0.9940390610238198
    },
    "position_37": {
        "Linear": 0.9550988817544439,
        "Bilinear": 0.9415833245625651,
        "Cubic": 0.9816614720825295,
        "4th": 0.9944580461353014
    },
    "position_38": {
        "Linear": 0.8975019829572869,
        "Bilinear": 0.8904697507299822,
        "Cubic": 0.9568467236127414,
        "4th": 0.9841868079890767
    },
    "position_39": {
        "Linear": 0.4204567498361058,
        "Bilinear": 0.443590087791382,
        "Cubic": 0.685969824382131,
        "4th": 0.8460157808357509
    },
    "position_40": {
        "Linear": 0.8608677663912534,
        "Bilinear": 0.8547876565003152,
        "Cubic": 0.9376583739563377,
        "4th": 0.9757063866864912
    },
    "position_41": {
        "Linear": 0.958035378601119,
        "Bilinear": 0.9489829409232603,
        "Cubic": 0.9844983542267626,
        "4th": 0.9954835016166795
    },
    "position_42": {
        "Linear": 0.9267250434400242,
        "Bilinear": 0.9007096436759168,
        "Cubic": 0.9643209004780651,
        "4th": 0.9875954330882658
    },
    "position_43": {
        "Linear": 0.9834737191170264,
        "Bilinear": 0.9724342291667725,
        "Cubic": 0.9931066600361221,
        "4th": 0.9983454732654534
    },
    "position_44": {
        "Linear": 0.5435847979133752,
        "Bilinear": 0.5591014540467688,
        "Cubic": 0.7600001575230202,