{
    "position_1": {
        "Linear": 0.9970055369005758,
        "Bilinear": 0.9998376905550446,
        "Cubic": 0.9999975451020953,
        "4th": 0.999999986706524
    },
    "position_2": {
        "Linear": 0.9970055369005758,
        "Bilinear": 0.9998376905550446,
        "Cubic": 0.9999975451020953,
        "4th": 0.999999986706524
    },
    "position_3": {
        "Linear": 0.9970055369005533,
        "Bilinear": 0.9998376905550392,
        "Cubic": 0.9999975451020952,
        "4th": 0.999999986706524
    },
    "position_4": {
        "Linear": 0.9970055369005993,
        "Bilinear": 0.9998376905550493,
        "Cubic": 0.9999975451020954,
        "4th": 0.999999986706524
    },
    "position_5": {
        "Linear": 0.9970055369005759,
        "Bilinear": 0.9998376905550446,
        "Cubic": 0.9999975451020953,
        "4th": 0.999999986706524
    },
    "position_6": {
        "Linear": 0.9970055369005758,
        "Bilinear": 0.9998376905550446,
        "Cubic": 0.9999975451020953,
        "4th": 0.999999986706524
    },
    "position_7": {
        "Linear": 0.9971036790365105,
        "Bilinear": 0.9998394699581351,
        "Cubic": 0.9999975943698574,
        "4th": 0.9999999872398109
    },
    "position_8": {
        "Linear": 0.9971036790368236,
        "Bilinear": 0.9998394699581485,
        "Cubic": 0.9999975943698577,
        "4th": 0.9999999872398109
    },
    "position_9": {
        "Linear": 0.9971036790368236,
        "Bilinear": 0.9998394699581485,
        "Cubic": 0.9999975943698577,
        "4th": 0.9999999872398109
    },
    "position_10": {
        "Linear": 0.9971036790365105,
        "Bilinear": 0.9998394699581351,
        "Cubic": 0.9999975943698574,
        "4th": 0.9999999872398109
    }
}