{
    "position_1": {
        "Linear": 0.9938547005993061,
        "Quadratic": 0.9999849103234634,
        "Cubic": 0.9999999911675981,
        "Quartic": 0.9999999999961885
    },
    "position_2": {
        "Linear": 0.993174258661755,
        "Quadratic": 0.9999824896426673,
        "Cubic": 0.9999999879856543,
        "Quartic": 0.9999999999941588
    },
    "position_3": {
        "Linear": 0.9934014928925016,
        "Quadratic": 0.9999833368480796,
        "Cubic": 0.9999999889988093,
        "Quartic": 0.9999999999947565
    },
    "position_4": {
        "Linear": 0.9939743295254793,
        "Quadratic": 0.999985313980942,
        "Cubic": 0.9999999910746773,
        "Quartic": 0.9999999999959412
    },
    "position_5": {
        "Linear": 0.9939096613784466,
        "Quadratic": 0.9999850199785603,
        "Cubic": 0.9999999911623201,
        "Quartic": 0.9999999999961192
    },
    "position_6": {
        "Linear": 0.9938547005993061,
        "Quadratic": 0.9999849103234634,
        "Cubic": 0.9999999911675981,
        "Quartic": 0.9999999999961885
    },
    "position_7": {
        "Linear": 0.993035947429669,
        "Quadratic": 0.9999819481581729,
        "Cubic": 0.9999999871288826,
        "Quartic": 0.999999999993533
    },
    "position_8": {
        "Linear": 0.99345416103269,
        "Quadratic": 0.9999833100546851,
        "Cubic": 0.9999999886219514,
        "Quartic": 0.999999999994294
    },
    "position_9": {
        "Linear": 0.9933397015602454,
        "Quadratic": 0.9999831001475049,
        "Cubic": 0.9999999886873757,
        "Quartic": 0.9999999999944926
    },
    "position_10": {
        "Linear": 0.956108875980269,
        "Quadratic": 0.9999787854221982,
        "Cubic": 0.9999999431377297,
        "Quartic": 0.9999999998748641
    },
    "position_11": {
        "Linear": 0.9935850299256159,
        "Quadratic": 0.9999841717255489,
        "Cubic": 0.9999999900629,
        "Quartic": 0.9999999999953675
    },
    "position_12": {
        "Linear": 0.9932171181199851,
        "Quadratic": 0.999982588282356,
        "Cubic": 0.9999999836718402,
        "Quartic": 0.999999999989854
    },
    "position_13": {
        "Linear": 0.9935999872779737,
        "Quadratic": 0.9999840815139772,
        "Cubic": 0.9999999898931327,
        "Quartic": 0.9999999999952919
    },
    "position_14": {
        "Linear": 0.9936244457879015,
        "Quadratic": 0.9999839904219863,
        "Cubic": 0.9999999894140651,
        "Quartic": 0.9999999999947121
    },
    "position_15": {
        "Linear": 0.9940614468782998,
        "Quadratic": 0.9999857102022636,
        "Cubic": 0.9999999917574923,
        "Quartic": 0.9999999999963323
    },
    "position_16": {
        "Linear": 0.9925998190425069,
        "Quadratic": 0.999982471128434,
        "Cubic": 0.9999999810435819,
        "Quartic": 0.9999999999868605
    },
    "position_17": {
        "Linear": 0.9930057509938337,
        "Quadratic": 0.9999821481650002,
        "Cubic": 0.9999999831014367,
        "Quartic": 0.9999999999895092
    },
    "position_18": {
        "Linear": 0.9939736119071534,
        "Quadratic": 0.9999854135180086,
        "Cubic": 0.9999999916176552,
        "Quartic": 0.9999999999963995
    },
    "position_19": {
        "Linear": 0.9936300147456723,
        "Quadratic": 0.9999841106667419,
        "Cubic": 0.9999999898103361,
        "Quartic": 0.9999999999951521
    },
    "position_20": {
        "Linear": 0.9935544192980313,
        "Quadratic": 0.9999841398178484,
        "Cubic": 0.9999999903045094,
        "Quartic": 0.9999999999956868
    },
    "position_21": {
        "Linear": 0.9935106345435609,
        "Quadratic": 0.9999833763018036,
        "Cubic": 0.9999999884837022,
        "Quartic": 0.999999999994089
    },
    "position_22": {
        "Linear": 0.9931832558753894,
        "Quadratic": 0.9999824620372227,
        "Cubic": 0.9999999878690571,
        "Quartic": 0.9999999999940832
    },
    "position_23": {
        "Linear": 0.9935560004151304,
        "Quadratic": 0.9999838942911745,
        "Cubic": 0.9999999896327307,
        "Quartic": 0.9999999999950425
    },
    "position_24": {
        "Linear": 0.9936003062834867,
        "Quadratic": 0.9999831831693553,
        "Cubic": 0.9999999875197694,
        "Quartic": 0.9999999999935533
    },
    "position_25": {
        "Linear": 0.9940614468782998,
        "Quadratic": 0.9999857102022636,
        "Cubic": 0.9999999917574923,
        "Quartic": 0.9999999999963323
    },
    "position_26": {
        "Linear": 0.993053519958757,
        "Quadratic": 0.9999820015003409,
        "Cubic": 0.9999999871890948,
        "Quartic": 0.9999999999935727
    },
    "position_27": {
        "Linear": 0.9940416716386747,
        "Quadratic": 0.9999856839868323,
        "Cubic": 0.9999999917588117,
        "Quartic": 0.999999999996346
    },
    "position_28": {
        "Linear": 0.9934014928925016,
        "Quadratic": 0.9999833368480796,
        "Cubic": 0.9999999889988093,
        "Quartic": 0.9999999999947565
    },
    "position_29": {
        "Linear": 0.9939887116201712,
        "Quadratic": 0.9999850730988634,
        "Cubic": 0.9999999904414105,
        "Quartic": 0.9999999999953607
    },
    "position_30": {
        "Linear": 0.9937253478428719,
        "Quadratic": 0.9999842341722932,
        "Cubic": 0.9999999894829327,
        "Quartic": 0.9999999999946122
    },
    "position_31": {
        "Linear": 0.9934605937891126,
        "Quadratic": 0.9999834041008661,
        "Cubic": 0.9999999888291606,
        "Quartic": 0.9999999999944315
    },
    "position_32": {
        "Linear": 0.9935710288926978,
        "Quadratic": 0.9999841954343125,
        "Cubic": 0.9999999903526942,
        "Quartic": 0.9999999999957134
    },
    "position_33": {
        "Linear": 0.993053519958757,
        "Quadratic": 0.9999820015003409,
        "Cubic": 0.9999999871890948,
        "Quartic": 0.9999999999935727
    },
    "position_34": {
        "Linear": 0.993666670986258,
        "Quadratic": 0.9999841142564271,
        "Cubic": 0.9999999895614159,
        "Quartic": 0.9999999999948614
    },
    "position_35": {
        "Linear": 0.993666670986258,
        "Quadratic": 0.9999841142564271,
        "Cubic": 0.9999999895614159,
        "Quartic": 0.9999999999948614
    },
    "position_36": {
        "Linear": 0.9937749439269686,
        "Quadratic": 0.9999847217502785,
        "Cubic": 0.9999999904805912,
        "Quartic": 0.9999999999955396
    },
    "position_37": {
        "Linear": 0.9937009658991051,
        "Quadratic": 0.9999845029452689,
        "Cubic": 0.9999999903114376,
        "Quartic": 0.9999999999954383
    },
    "position_38": {
        "Linear": 0.9938677578352965,
        "Quadratic": 0.9999848420168248,
        "Cubic": 0.9999999904373609,
        "Quartic": 0.9999999999953557
    },
    "position_39": {
        "Linear": 0.9935918346294038,
        "Quadratic": 0.9999839667955819,
        "Cubic": 0.9999999896763125,
        "Quartic": 0.9999999999950905
    },
    "position_40": {
        "Linear": 0.9933397015602454,
        "Quadratic": 0.9999831001475049,
        "Cubic": 0.9999999886873757,
        "Quartic": 0.9999999999944926
    },
    "position_41": {
        "Linear": 0.9934382052779904,
        "Quadratic": 0.9999832640362971,
        "Cubic": 0.9999999885455153,
        "Quartic": 0.9999999999941817
    },
    "position_42": {
        "Linear": 0.9932171181199851,
        "Quadratic": 0.999982588282356,
        "Cubic": 0.9999999836718402,
        "Quartic": 0.999999999989854
    },
    "position_43": {
        "Linear": 0.9938547005993061,
        "Quadratic": 0.9999849103234634,