{
    "position_60": {
        "Linear": 0.9942910476569888,
        "Quadratic": 0.9999864191215819,
        "Cubic": 0.9999999922955453,
        "Quartic": 0.9999999999965925
    },
    "position_67": {
        "Linear": 0.9942147359977849,
        "Quadratic": 0.9999865836862585,
        "Cubic": 0.9999999927442687,
        "Quartic": 0.9999999999969574
    },
    "position_44": {
        "Linear": 0.994121198890692,
        "Quadratic": 0.9999860388410035,
        "Cubic": 0.9999999921373455,
        "Quartic": 0.9999999999965775
    },
    "position_46": {
        "Linear": 0.9940850688248855,
        "Quadratic": 0.9999855694745282,
        "Cubic": 0.9999999909846707,
        "Quartic": 0.9999999999955814
    },
    "position_86": {
        "Linear": 0.994083008891207,
        "Quadratic": 0.9999856376350307,
        "Cubic": 0.9999999912348642,
        "Quartic": 0.9999999999957971
    },
    "position_75": {
        "Linear": 0.9940701084268094,
        "Quadratic": 0.9999853125828938,
        "Cubic": 0.9999999904799981,
        "Quartic": 0.9999999999950897
    },
    "position_15": {
        "Linear": 0.9940614468782998,
        "Quadratic": 0.9999857102022636,
        "Cubic": 0.9999999917574923,
        "Quartic": 0.9999999999963323
    },
    "position_25": {
        "Linear": 0.9940614468782998,
        "Quadratic": 0.9999857102022636,
        "Cubic": 0.9999999917574923,
        "Quartic": 0.9999999999963323
    },
    "position_27": {
        "Linear": 0.9940416716386747,
        "Quadratic": 0.9999856839868323,
        "Cubic": 0.9999999917588117,
        "Quartic": 0.999999999996346
    },
    "position_57": {
        "Linear": 0.9940244245059997,
        "Quadratic": 0.9999856955339896,
        "Cubic": 0.9999999915695571,
        "Quartic": 0.9999999999961531
    },
    "position_55": {
        "Linear": 0.9939937724568234,
        "Quadratic": 0.9999854416327632,
        "Cubic": 0.9999999916174019,
        "Quartic": 0.999999999996386
    },
    "position_29": {
        "Linear": 0.9939887116201712,
        "Quadratic": 0.9999850730988634,
        "Cubic": 0.9999999904414105,
        "Quartic": 0.9999999999953607
    },
    "position_85": {
        "Linear": 0.9939878540321205,
        "Quadratic": 0.9999857592576878,
        "Cubic": 0.9999999920710863,
        "Quartic": 0.9999999999966548
    },
    "position_4": {
        "Linear": 0.9939743295254793,
        "Quadratic": 0.999985313980942,
        "Cubic": 0.9999999910746773,
        "Quartic": 0.9999999999959412
    },
    "position_18": {
        "Linear": 0.9939736119071534,
        "Quadratic": 0.9999854135180086,
        "Cubic": 0.9999999916176552,
        "Quartic": 0.9999999999963995
    },
    "position_71": {
        "Linear": 0.9939720443534005,
        "Quadratic": 0.999985038453048,
        "Cubic": 0.9999999902662685,
        "Quartic": 0.9999999999950134
    },
    "position_65": {
        "Linear": 0.993966349933601,
        "Quadratic": 0.9999855051547617,
        "Cubic": 0.9999999917340977,
        "Quartic": 0.9999999999964265
    },
    "position_92": {
        "Linear": 0.993966349933601,
        "Quadratic": 0.9999855051547617,
        "Cubic": 0.9999999917340977,
        "Quartic": 0.9999999999964265
    },
    "position_61": {
        "Linear": 0.9939466142314656,
        "Quadratic": 0.9999853272891158,
        "Cubic": 0.999999990978385,
        "Quartic": 0.9999999999956894
    },
    "position_68": {
        "Linear": 0.9939466142314656,
        "Quadratic": 0.9999853272891158,
        "Cubic": 0.999999990978385,
        "Quartic": 0.9999999999956894
    },
    "position_91": {
        "Linear": 0.9939164431049603,
        "Quadratic": 0.9999848444436433,
        "Cubic": 0.9999999900863575,
        "Quartic": 0.9999999999949277
    },
    "position_5": {
        "Linear": 0.9939096613784466,
        "Quadratic": 0.9999850199785603,
        "Cubic": 0.9999999911623201,
        "Quartic": 0.9999999999961192
    },
    "position_81": {
        "Linear": 0.9938938513097219,
        "Quadratic": 0.9999855879109458,
        "Cubic": 0.9999999916095414,
        "Quartic": 0.999999999996269
    },
    "position_90": {
        "Linear": 0.9938938513097219,
        "Quadratic": 0.9999855879109458,
        "Cubic": 0.9999999916095414,
        "Quartic": 0.999999999996269
    },
    "position_38": {
        "Linear": 0.9938677578352965,
        "Quadratic": 0.9999848420168248,
        "Cubic": 0.9999999904373609,
        "Quartic": 0.9999999999953557
    },
    "position_77": {
        "Linear": 0.9938655760823939,
        "Quadratic": 0.9999850599473307,
        "Cubic": 0.9999999907514452,
        "Quartic": 0.9999999999955874
    },
    "position_66": {
        "Linear": 0.9938639852890594,
        "Quadratic": 0.9999849878670012,
        "Cubic": 0.9999999906406122,
        "Quartic": 0.9999999999955039
    },
    "position_1": {
        "Linear": 0.9938547005993061,
        "Quadratic": 0.9999849103234634,
        "Cubic": 0.9999999911675981,
        "Quartic": 0.9999999999961885
    },
    "position_6": {
        "Linear": 0.9938547005993061,
        "Quadratic": 0.9999849103234634,
        "Cubic": 0.9999999911675981,
        "Quartic": 0.9999999999961885
    },
    "position_43": {
        "Linear": 0.9938547005993061,
        "Quadratic": 0.9999849103234634,
        "Cubic": 0.9999999911675981,
        "Quartic": 0.9999999999961885
    },
    "position_88": {
        "Linear": 0.993836120616311,
        "Quadratic": 0.999984871933606,
        "Cubic": 0.99999999055249,
        "Quartic": 0.9999999999955366
    },
    "position_83": {
        "Linear": 0.9938262266911113,
        "Quadratic": 0.9999849917233592,
        "Cubic": 0.9999999913533444,
        "Quartic": 0.9999999999962906
    },
    "position_62": {
        "Linear": 0.9938228685958339,
        "Quadratic": 0.9999846670295807,
        "Cubic": 0.9999999900635073,
        "Quartic": 0.9999999999950233
    },
    "position_87": {
        "Linear": 0.9938228685958339,
        "Quadratic": 0.9999846670295807,
        "Cubic": 0.9999999900635073,
        "Quartic": 0.9999999999950233
    },
    "position_100": {
        "Linear": 0.9938057318000714,
        "Quadratic": 0.9999849630926292,
        "Cubic": 0.9999999913536747,
        "Quartic": 0.9999999999963047
    },
    "position_73": {
        "Linear": 0.9938036247043034,
        "Quadratic": 0.9999847340526873,
        "Cubic": 0.9999999903107925,
        "Quartic": 0.9999999999952702
    },
    "position_36": {
        "Linear": 0.9937749439269686,
        "Quadratic": 0.9999847217502785,
        "Cubic": 0.9999999904805912,
        "Quartic": 0.9999999999955396
    },
    "position_76": {
        "Linear": 0.9937735028541911,
        "Quadratic": 0.9999844569952785,
        "Cubic": 0.9999999898264407,
        "Quartic": 0.9999999999948808
    },
    "position_82": {
        "Linear": 0.9937735028541911,
        "Quadratic": 0.9999844569952785,
        "Cubic": 0.9999999898264407,
        "Quartic": 0.9999999999948808
    },
    "position_30": {
        "Linear": 0.9937253478428719,
        "Quadratic": 0.9999842341722932,
        "Cubic": 0.9999999894829327,
        "Quartic": 0.9999999999946122
    },
    "position_37": {
        "Linear": 0.9937009658991051,
        "Quadratic": 0.9999845029452689,
        "Cubic": 0.9999999903114376,
        "Quartic": 0.9999999999954383
    },
    "position_47": {
        "Linear": 0.9937009658991051,
        "Quadratic": 0.9999845029452689,
        "Cubic": 0.9999999903114376,
        "Quartic": 0.9999999999954383
    },
    "position_70": {
        "Linear": 0.9936756849980093,
        "Quadratic": 0.999984237301637,