{
    "position_98": {
        "Linear": 0.988369930734236,
        "Quadratic": 0.9999734142463833,
        "Cubic": 0.9999988707262242,
        "Quartic": 0.9999991661617582
    },
    "position_85": {
        "Linear": 0.9853623428280291,
        "Quadratic": 0.9999356879374105,
        "Cubic": 0.9999992732936709,
        "Quartic": 0.9999996847706553
    },
    "position_24": {
        "Linear": 0.9833144873029876,
        "Quadratic": 0.9999517878411122,
        "Cubic": 0.9999980619442798,
        "Quartic": 0.9999989369652827
    },
    "position_74": {
        "Linear": 0.9804600789098978,
        "Quadratic": 0.999932370436312,
        "Cubic": 0.9999937033065712,
        "Quartic": 0.9999964600203705
    },
    "position_44": {
        "Linear": 0.9717040444158141,
        "Quadratic": 0.9998829940974708,
        "Cubic": 0.999992826894172,
        "Quartic": 0.9999966248372583
    },
    "position_73": {
        "Linear": 0.9712754547396929,
        "Quadratic": 0.9999193039105742,
        "Cubic": 0.9999914947850302,
        "Quartic": 0.9999953437018059
    },
    "position_97": {
        "Linear": 0.9696398484176348,
        "Quadratic": 0.9999014578897253,
        "Cubic": 0.9999916681213227,
        "Quartic": 0.9999952457097379
    },
    "position_77": {
        "Linear": 0.9695519868579059,
        "Quadratic": 0.9998301248860297,
        "Cubic": 0.9999786471891977,
        "Quartic": 0.9999828073621753
    },
    "position_71": {
        "Linear": 0.9690790715608134,
        "Quadratic": 0.9997728136671028,
        "Cubic": 0.9999793441090365,
        "Quartic": 0.9999852160665724
    },
    "position_91": {
        "Linear": 0.9686863743139935,
        "Quadratic": 0.9997907737957153,
        "Cubic": 0.9999718482410075,
        "Quartic": 0.9999816579904592
    },
    "position_93": {
        "Linear": 0.9673290481598265,
        "Quadratic": 0.9998345245445142,
        "Cubic": 0.9999904035190585,
        "Quartic": 0.9999939421217033
    },
    "position_89": {
        "Linear": 0.9661612408184571,
        "Quadratic": 0.9998763181718244,
        "Cubic": 0.9999865863115565,
        "Quartic": 0.9999920818622682
    },
    "position_72": {
        "Linear": 0.9652635715750169,
        "Quadratic": 0.9998446897513403,
        "Cubic": 0.9999829472520373,
        "Quartic": 0.9999897701438433
    },
    "position_100": {
        "Linear": 0.9633285387125635,
        "Quadratic": 0.9998386374781187,
        "Cubic": 0.9999730461445739,
        "Quartic": 0.9999882628307043
    },
    "position_80": {
        "Linear": 0.9628947194293692,
        "Quadratic": 0.999793940564389,
        "Cubic": 0.9999881489589614,
        "Quartic": 0.9999991696446037
    },
    "position_62": {
        "Linear": 0.9616220991039323,
        "Quadratic": 0.9998179173128845,
        "Cubic": 0.9999772730216623,
        "Quartic": 0.9999907061583941
    },
    "position_94": {
        "Linear": 0.9606261354197223,
        "Quadratic": 0.9999290748080083,
        "Cubic": 0.9999879573171168,
        "Quartic": 0.9999966876457839
    },
    "position_68": {
        "Linear": 0.9577910204076807,
        "Quadratic": 0.9997902083706721,
        "Cubic": 0.9999765054300095,
        "Quartic": 0.9999888137025599
    },
    "position_63": {
        "Linear": 0.953145556869195,
        "Quadratic": 0.9998517902052249,
        "Cubic": 0.9999779365558084,
        "Quartic": 0.9999836140680669
    },
    "position_82": {
        "Linear": 0.9517487885881752,
        "Quadratic": 0.999796659529484,
        "Cubic": 0.9999665089100916,
        "Quartic": 0.9999802143524114
    },
    "position_95": {
        "Linear": 0.9458864501320472,
        "Quadratic": 0.999711201474948,
        "Cubic": 0.9999581785944438,
        "Quartic": 0.9999748066208565
    },
    "position_79": {
        "Linear": 0.9418360037004406,
        "Quadratic": 0.999839328982713,
        "Cubic": 0.9999632731797011,
        "Quartic": 0.9999797912061601
    },
    "position_90": {
        "Linear": 0.940755634804809,
        "Quadratic": 0.999665506809061,
        "Cubic": 0.9999597107748226,
        "Quartic": 0.9999737340252783
    },
    "position_87": {
        "Linear": 0.9336035513721164,
        "Quadratic": 0.9997470223184934,
        "Cubic": 0.9999299946647476,
        "Quartic": 0.9999573424638742
    },
    "position_96": {
        "Linear": 0.9308749905371901,
        "Quadratic": 0.999705082649466,
        "Cubic": 0.9999472321816977,
        "Quartic": 0.9999561925604943
    },
    "position_88": {
        "Linear": 0.9302177696154343,
        "Quadratic": 0.9996263287906018,
        "Cubic": 0.9999794617380809,
        "Quartic": 0.9999918924010998
    },
    "position_75": {
        "Linear": 0.925678837924241,
        "Quadratic": 0.9997101596868773,
        "Cubic": 0.9999889368990648,
        "Quartic": 0.9999959322203585
    },
    "position_78": {
        "Linear": 0.9234965050753128,
        "Quadratic": 0.9997627146628666,
        "Cubic": 0.9999433425107916,
        "Quartic": 0.9999541318647237
    },
    "position_69": {
        "Linear": 0.9228566841107895,
        "Quadratic": 0.9996514053508113,
        "Cubic": 0.9999488978839095,
        "Quartic": 0.9999739685390518
    },
    "position_66": {
        "Linear": 0.9211393472849742,
        "Quadratic": 0.9997542168570016,
        "Cubic": 0.9999960202685565,
        "Quartic": 0.9999997730036626
    },
    "position_12": {
        "Linear": 0.9183417785154082,
        "Quadratic": 0.9998979517846124,
        "Cubic": 0.9999842237330681,
        "Quartic": 0.9999936105342803
    },
    "position_81": {
        "Linear": 0.9110025552787003,
        "Quadratic": 0.9996741791989712,
        "Cubic": 0.9999394197101327,
        "Quartic": 0.9999530449972314
    },
    "position_70": {
        "Linear": 0.9067610400077091,
        "Quadratic": 0.9996290659333524,
        "Cubic": 0.999918430493882,
        "Quartic": 0.9999361182243693
    },
    "position_84": {
        "Linear": 0.9051662430982536,
        "Quadratic": 0.9995096516603005,
        "Cubic": 0.9999506766590001,
        "Quartic": 0.9999718862619201
    },
    "position_64": {
        "Linear": 0.9044491691738186,
        "Quadratic": 0.9997918659651945,
        "Cubic": 0.9999695855114266,
        "Quartic": 0.9999757617564589
    },
    "position_34": {
        "Linear": 0.9017988664827519,
        "Quadratic": 0.9997837160691188,
        "Cubic": 0.9999894771714327,
        "Quartic": 0.9999942709754067
    },
    "position_60": {
        "Linear": 0.8969867570976262,
        "Quadratic": 0.9998634942848292,
        "Cubic": 0.9999873811186761,
        "Quartic": 0.9999929071172005
    },
    "position_83": {
        "Linear": 0.8877835592755531,
        "Quadratic": 0.999677181326745,
        "Cubic": 0.9999447789302324,
        "Quartic": 0.9999793665659931
    },
    "position_42": {
        "Linear": 0.8855466372201652,
        "Quadratic": 0.999868943220305,
        "Cubic": 0.9999769605179272,
        "Quartic": 0.999988844437813
    },
    "position_41": {
        "Linear": 0.8723264571996577,
        "Quadratic": 0.9998428181174809,
        "Cubic": 0.999947411678601,
        "Quartic": 0.9999651378861492
    },
    "position_52": {
        "Linear": 0.8692351096274381,
        "Quadratic": 0.9998569813663788,
        "Cubic": 0.999986249798529,
        "Quartic": 0.999991270065415
    },
    "position_35": {
        "Linear": 0.8483230459546232,
        "Quadratic": 0.9998733537757469,
        "Cubic": 0.9999796328625662,
        "Quartic": 0.9999924971927922
    },
    "position_61": {
        "Linear": 0.8391177808675537,
        "Quadratic": 0.9994536956188161,