{
    "position_1": {
        "Linear": 0.1037045621428766,
        "Quadratic": 0.9999038446310381,
        "Cubic": 0.9999604950628833,
        "Quartic": 0.9999754200594149
    },
    "position_2": {
        "Linear": -1.3696615924230215,
        "Quadratic": 0.9956802605591263,
        "Cubic": 0.9997445031385541,
        "Quartic": 0.9999263915990568
    },
    "position_3": {
        "Linear": 0.7704053461086698,
        "Quadratic": 0.9999324999292893,
        "Cubic": 0.9999858375070794,
        "Quartic": 0.9999886754481246
    },
    "position_4": {
        "Linear": -419.2890108976424,
        "Quadratic": 0.4332120330608509,
        "Cubic": 0.9892001976121586,
        "Quartic": 0.9996326653328377
    },
    "position_5": {
        "Linear": 0.8187761199463585,
        "Quadratic": 0.9999191711520434,
        "Cubic": 0.9999887752098197,
        "Quartic": 0.9999922999142841
    },
    "position_6": {
        "Linear": 0.5363190092524364,
        "Quadratic": 0.9996620632674211,
        "Cubic": 0.9999172121393851,
        "Quartic": 0.9999581088898402
    },
    "position_7": {
        "Linear": -1.468395646199435,
        "Quadratic": 0.9985624480410593,
        "Cubic": 0.9999114998212543,
        "Quartic": 0.9999606989964142
    },
    "position_8": {
        "Linear": 0.7764031084880817,
        "Quadratic": 0.9999115938102595,
        "Cubic": 0.9999737342070121,
        "Quartic": 0.9999859242972167
    },
    "position_9": {
        "Linear": 0.010229420167919057,
        "Quadratic": 0.999856164959207,
        "Cubic": 0.9999444306129044,
        "Quartic": 0.9999682360808283
    },
    "position_10": {
        "Linear": 0.0868308717463665,
        "Quadratic": 0.9997904444384458,
        "Cubic": 0.9999953995299673,
        "Quartic": 0.9999994311657868
    },
    "position_11": {
        "Linear": 0.678007415964955,
        "Quadratic": 0.9998144410962408,
        "Cubic": 0.9999430901663663,
        "Quartic": 0.9999605677767943
    },
    "position_12": {
        "Linear": 0.9183417785154082,
        "Quadratic": 0.9998979517846124,
        "Cubic": 0.9999842237330681,
        "Quartic": 0.9999936105342803
    },
    "position_13": {
        "Linear": 0.17017690810555863,
        "Quadratic": 0.9998601767024785,
        "Cubic": 0.99993143463562,
        "Quartic": 0.9999690894317452
    },
    "position_14": {
        "Linear": 0.6743226188668365,
        "Quadratic": 0.9995648073102578,
        "Cubic": 0.9999160027535701,
        "Quartic": 0.999961300529431
    },
    "position_15": {
        "Linear": 0.7042390909131768,
        "Quadratic": 0.9998857953634518,
        "Cubic": 0.9999782588794286,
        "Quartic": 0.9999855943862742
    },
    "position_16": {
        "Linear": 0.681513049241844,
        "Quadratic": 0.9999438296066328,
        "Cubic": 0.9999859459936742,
        "Quartic": 0.9999889041670067
    },
    "position_17": {
        "Linear": -0.2546178290090839,
        "Quadratic": 0.9997172304027936,
        "Cubic": 0.9999292082709879,
        "Quartic": 0.9999680693759943
    },
    "position_18": {
        "Linear": -3.508680430375631,
        "Quadratic": 0.9986109477477845,
        "Cubic": 0.9999672318776995,
        "Quartic": 0.9999975915016108
    },
    "position_19": {
        "Linear": -12.417624888422948,
        "Quadratic": 0.949488211102099,
        "Cubic": 0.9991821776030634,
        "Quartic": 0.9999869478150913
    },
    "position_20": {
        "Linear": 0.1700608397961607,
        "Quadratic": 0.9997546769273633,
        "Cubic": 0.9999616102656076,
        "Quartic": 0.9999823199982931
    },
    "position_21": {
        "Linear": 0.31176265237281386,
        "Quadratic": 0.9998608362222263,
        "Cubic": 0.9999632867133078,
        "Quartic": 0.9999754216049279
    },
    "position_22": {
        "Linear": -0.24298944743387052,
        "Quadratic": 0.9997823846413713,
        "Cubic": 0.9999564936035077,
        "Quartic": 0.9999800913522612
    },
    "position_23": {
        "Linear": 0.6341836755197532,
        "Quadratic": 0.9999245739538661,
        "Cubic": 0.9999802278478411,
        "Quartic": 0.9999881905507997
    },
    "position_24": {
        "Linear": 0.9833144873029876,
        "Quadratic": 0.9999517878411122,
        "Cubic": 0.9999980619442798,
        "Quartic": 0.9999989369652827
    },
    "position_25": {
        "Linear": 0.8297954618872718,
        "Quadratic": 0.9998643766208006,
        "Cubic": 0.9999893000759255,
        "Quartic": 0.9999932816499904
    },
    "position_26": {
        "Linear": -70.9163120271477,
        "Quadratic": 0.8954854783867356,
        "Cubic": 0.9991934656394375,
        "Quartic": 0.9997941405432511
    },
    "position_27": {
        "Linear": -0.34036406949019526,
        "Quadratic": 0.9994944156941167,
        "Cubic": 0.9999770024182083,
        "Quartic": 0.999998572165468
    },
    "position_28": {
        "Linear": 0.1498485671875629,
        "Quadratic": 0.999912717188276,
        "Cubic": 0.9999720998814168,
        "Quartic": 0.9999870389495925
    },
    "position_29": {
        "Linear": -18.2420323898113,
        "Quadratic": 0.9817337484609931,
        "Cubic": 0.9999181746900772,
        "Quartic": 0.9999970789761092
    },
    "position_30": {
        "Linear": 0.7615849392831919,
        "Quadratic": 0.9997335474318733,
        "Cubic": 0.9999447424019785,
        "Quartic": 0.999976234590122
    },
    "position_31": {
        "Linear": -9.08563660628854,
        "Quadratic": 0.9574197491548733,
        "Cubic": 0.999057804162242,
        "Quartic": 0.9999825935763236
    },
    "position_32": {
        "Linear": -34.45417215125209,
        "Quadratic": 0.8760660041675529,
        "Cubic": 0.9990063883119262,
        "Quartic": 0.9999854887159995
    },
    "position_33": {
        "Linear": -1.5281830380460204,
        "Quadratic": 0.9994774330956608,
        "Cubic": 0.9999391357428967,
        "Quartic": 0.999976460737571
    },
    "position_34": {
        "Linear": 0.9017988664827519,
        "Quadratic": 0.9997837160691188,
        "Cubic": 0.9999894771714327,
        "Quartic": 0.9999942709754067
    },
    "position_35": {
        "Linear": 0.8483230459546232,
        "Quadratic": 0.9998733537757469,
        "Cubic": 0.9999796328625662,
        "Quartic": 0.9999924971927922
    },
    "position_36": {
        "Linear": -0.6894553069506899,
        "Quadratic": 0.9997207259762012,
        "Cubic": 0.9999196813804068,
        "Quartic": 0.9999623806370347
    },
    "position_37": {
        "Linear": -94.5526177931822,
        "Quadratic": 0.7780182647169597,
        "Cubic": 0.9963626466778479,
        "Quartic": 0.9999361830094606
    },
    "position_38": {
        "Linear": -0.02046111561466546,
        "Quadratic": 0.9997454771352784,
        "Cubic": 0.9999141034375907,
        "Quartic": 0.9999553800477391
    },
    "position_39": {
        "Linear": 0.586824714188064,
        "Quadratic": 0.9998901183906964,
        "Cubic": 0.999969381864786,
        "Quartic": 0.9999848195436516
    },
    "position_40": {
        "Linear": -1.835139539039857,
        "Quadratic": 0.9983257071751522,
        "Cubic": 0.9998975098670507,
        "Quartic": 0.9999491517712269
    },
    "position_41": {
        "Linear": 0.8723264571996577,
        "Quadratic": 0.9998428181174809,
        "Cubic": 0.999947411678601,
        "Quartic": 0.9999651378861492
    },
    "position_42": {
        "Linear": 0.8855466372201652,
        "Quadratic": 0.999868943220305,
        "Cubic": 0.9999769605179272,
        "Quartic": 0.999988844437813
    },
    "position_43": {
        "Linear": -0.09435204188744972,
        "Quadratic": 0.9998959666432545,