{
    "position_4": {
        "Linear": 0.9955579232411707,
        "Quadratic": 0.9999869772164065,
        "Cubic": 0.9999999345848121,
        "Quartic": 0.9999999999805305
    },
    "position_1": {
        "Linear": 0.995557923241094,
        "Quadratic": 0.999986977216406,
        "Cubic": 0.9999999345848121,
        "Quartic": 0.9999999999805305
    },
    "position_2": {
        "Linear": 0.995557923241094,
        "Quadratic": 0.999986977216406,
        "Cubic": 0.9999999345848121,
        "Quartic": 0.9999999999805305
    },
    "position_5": {
        "Linear": 0.9955579232409605,
        "Quadratic": 0.999986977216406,
        "Cubic": 0.9999999345848121,
        "Quartic": 0.9999999999805305
    },
    "position_6": {
        "Linear": 0.9955579232409605,
        "Quadratic": 0.999986977216406,
        "Cubic": 0.9999999345848121,
        "Quartic": 0.9999999999805305
    }
}