{
    "position_1": {
        "Linear": 0.995557923241094,
        "Quadratic": 0.999986977216406,
        "Cubic": 0.9999999345848121,
        "Quartic": 0.9999999999805305
    },
    "position_2": {
        "Linear": 0.995557923241094,
        "Quadratic": 0.999986977216406,
        "Cubic": 0.9999999345848121,
        "Quartic": 0.9999999999805305
    },
    "position_3": {
        "Linear": 0.9955579232408868,
        "Quadratic": 0.9999869772164055,
        "Cubic": 0.9999999345848121,
        "Quartic": 0.9999999999805305
    },
    "position_4": {
        "Linear": 0.9955579232411707,
        "Quadratic": 0.9999869772164065,
        "Cubic": 0.9999999345848121,
        "Quartic": 0.9999999999805305
    },
    "position_5": {
        "Linear": 0.9955579232409605,
        "Quadratic": 0.999986977216406,
        "Cubic": 0.9999999345848121,
        "Quartic": 0.9999999999805305
    },
    "position_6": {
        "Linear": 0.9955579232409605,
        "Quadratic": 0.999986977216406,
        "Cubic": 0.9999999345848121,
        "Quartic": 0.9999999999805305
    },
    "position_7": {
        "Linear": 0.9953908456096945,
        "Quadratic": 0.9999869441020167,
        "Cubic": 0.9999999341392405,
        "Quartic": 0.9999999999800906
    },
    "position_8": {
        "Linear": 0.9953908456095103,
        "Quadratic": 0.9999869441020176,
        "Cubic": 0.9999999341392405,
        "Quartic": 0.9999999999800906
    },
    "position_9": {
        "Linear": 0.9953908456095103,
        "Quadratic": 0.9999869441020176,
        "Cubic": 0.9999999341392405,
        "Quartic": 0.9999999999800906
    },
    "position_10": {
        "Linear": 0.9953908456096946,
        "Quadratic": 0.9999869441020167,
        "Cubic": 0.9999999341392405,
        "Quartic": 0.9999999999800906
    }
}