{
    "position_1": {
        "Linear": 0.9776014590515055,
        "Bilinear": 0.9961676662483793,
        "Cubic": 0.9996330719909232,
        "4th": 0.9999712100786374
    },
    "position_2": {
        "Linear": 0.9817411994083503,
        "Bilinear": 0.9961969904601478,
        "Cubic": 0.9995975428229905,
        "4th": 0.9999671932919469
    },
    "position_3": {
        "Linear": 0.9466339343199347,
        "Bilinear": 0.9854070917914437,
        "Cubic": 0.9973869955245681,
        "4th": 0.9996305320058715
    },
    "position_4": {
        "Linear": 0.8138799572034705,
        "Bilinear": 0.9231499443992266,
        "Cubic": 0.9769608884490608,
        "4th": 0.9942849218376865
    },
    "position_5": {
        "Linear": 0.9890859089283961,
        "Bilinear": 0.9978388890666876,
        "Cubic": 0.9997897271525111,
        "4th": 0.9999854716542584
    },
    "position_6": {
        "Linear": 0.9827524524566789,
        "Bilinear": 0.9966039573947043,
        "Cubic": 0.9996965014752754,
        "4th": 0.9999769074031499
    },
    "position_7": {
        "Linear": 0.9563242902656127,
        "Bilinear": 0.9927522326176796,
        "Cubic": 0.9987508888198638,
        "4th": 0.9998657506380606
    },
    "position_8": {
        "Linear": 0.9262060937537968,
        "Bilinear": 0.977087596390243,
        "Cubic": 0.9952511264042356,
        "4th": 0.9992153565902898
    },
    "position_9": {
        "Linear": 0.9843491801638067,
        "Bilinear": 0.997011122665619,
        "Cubic": 0.9997395500148433,
        "4th": 0.9999808972007739
    },
    "position_10": {
        "Linear": 0.9823038122362566,
        "Bilinear": 0.996660323097545,
        "Cubic": 0.999707033873915,
        "4th": 0.999978017839155
    },
    "position_11": {
        "Linear": 0.9858544840376258,
        "Bilinear": 0.9972322750611995,
        "Cubic": 0.9997218190872894,
        "4th": 0.9999792707395789
    },
    "position_12": {
        "Linear": 0.9876691641121425,
        "Bilinear": 0.9975372964615659,
        "Cubic": 0.9997677838946851,
        "4th": 0.9999835611401077
    },
    "position_13": {
        "Linear": 0.9771517743022302,
        "Bilinear": 0.9962611540202833,
        "Cubic": 0.9996514188668864,
        "4th": 0.9999725363861571
    },
    "position_14": {
        "Linear": 0.986779158487184,
        "Bilinear": 0.9975199522017358,
        "Cubic": 0.9997935162292153,
        "4th": 0.9999856903750012
    },
    "position_15": {
        "Linear": 0.9875615225727855,
        "Bilinear": 0.9973247200877257,
        "Cubic": 0.999727235589489,
        "4th": 0.9999797806683138
    },
    "position_16": {
        "Linear": 0.9711560508801454,
        "Bilinear": 0.9948378893296396,
        "Cubic": 0.9994847029302724,
        "4th": 0.9999556512175048
    },
    "position_17": {
        "Linear": 0.9846291344565578,
        "Bilinear": 0.996678205779346,
        "Cubic": 0.9996715521016947,
        "4th": 0.9999747590198943
    },
    "position_18": {
        "Linear": 0.9858544840376258,
        "Bilinear": 0.9972322750611995,
        "Cubic": 0.9997218190872894,
        "4th": 0.9999792707395789
    },
    "position_19": {
        "Linear": 0.9785951408145115,
        "Bilinear": 0.9965894672744646,
        "Cubic": 0.9996931936434115,
        "4th": 0.9999765203102069
    },
    "position_20": {
        "Linear": 0.9736771376120912,
        "Bilinear": 0.9965426200076087,
        "Cubic": 0.999688256672814,
        "4th": 0.9999762369578253
    },
    "position_21": {
        "Linear": 0.9808946962293539,
        "Bilinear": 0.9970453697821297,
        "Cubic": 0.9997387240074926,
        "4th": 0.999980668872772
    },
    "position_22": {
        "Linear": 0.9906402161341409,
        "Bilinear": 0.9982908889949966,
        "Cubic": 0.9998390739509032,
        "4th": 0.9999894570510265
    },
    "position_23": {
        "Linear": 0.989257381849212,
        "Bilinear": 0.9978477813532323,
        "Cubic": 0.9997843527492458,
        "4th": 0.999984851501172
    },
    "position_24": {
        "Linear": 0.9771823772568062,
        "Bilinear": 0.9961821797098198,
        "Cubic": 0.9996562343763056,
        "4th": 0.9999735523747196
    },
    "position_25": {
        "Linear": 0.9711560508801454,
        "Bilinear": 0.9948378893296396,
        "Cubic": 0.9994847029302724,
        "4th": 0.9999556512175048
    },
    "position_26": {
        "Linear": 0.9808343956118645,
        "Bilinear": 0.997053692915415,
        "Cubic": 0.9997454138456687,
        "4th": 0.9999814108856978
    },
    "position_27": {
        "Linear": 0.9854896366613893,
        "Bilinear": 0.9972163431298171,
        "Cubic": 0.999762128038276,
        "4th": 0.9999829477264867
    },
    "position_28": {
        "Linear": 0.978971083648417,
        "Bilinear": 0.9966668312783246,
        "Cubic": 0.9996997712403634,
        "4th": 0.9999772652037254
    },
    "position_29": {
        "Linear": 0.9741109142886573,
        "Bilinear": 0.9952909334364077,
        "Cubic": 0.9995146363950197,
        "4th": 0.9999588044659175
    },
    "position_30": {
        "Linear": 0.9865796793506295,
        "Bilinear": 0.9978200568513784,
        "Cubic": 0.9998350183042968,
        "4th": 0.9999893425029283
    },
    "position_31": {
        "Linear": 0.9847483447986792,
        "Bilinear": 0.997098585019564,
        "Cubic": 0.9997455243426661,
        "4th": 0.9999813647996708
    },
    "position_32": {
        "Linear": 0.9869297275361533,
        "Bilinear": 0.9980997235876886,
        "Cubic": 0.9998325168734618,
        "4th": 0.9999886149958456
    },
    "position_33": {
        "Linear": 0.9767638321171117,
        "Bilinear": 0.9961443114382412,
        "Cubic": 0.9996239547697578,
        "4th": 0.999969904817298
    },
    "position_34": {
        "Linear": 0.9752322988137406,
        "Bilinear": 0.9958087415840599,
        "Cubic": 0.9995863698281326,
        "4th": 0.999966379147849
    },
    "position_35": {
        "Linear": 0.9802652557619171,
        "Bilinear": 0.9967447545441621,
        "Cubic": 0.9996785764475414,
        "4th": 0.9999752543202653
    },
    "position_36": {
        "Linear": 0.9716818723211945,
        "Bilinear": 0.9950431690773861,
        "Cubic": 0.9995121100502843,
        "4th": 0.9999586031335415
    },
    "position_37": {
        "Linear": 0.9777331244943323,
        "Bilinear": 0.9964243064138673,
        "Cubic": 0.9996807922006998,
        "4th": 0.9999754846997729
    },
    "position_38": {
        "Linear": 0.980892373246117,
        "Bilinear": 0.9971266955435737,
        "Cubic": 0.9997610465184268,
        "4th": 0.9999831102554695
    },
    "position_39": {
        "Linear": 0.9796138782764023,
        "Bilinear": 0.9966937452192033,
        "Cubic": 0.9996740879142882,
        "4th": 0.9999746366837482
    },
    "position_40": {
        "Linear": 0.9805432714104833,
        "Bilinear": 0.996842160185686,
        "Cubic": 0.9996875378341672,
        "4th": 0.9999759241375604
    },
    "position_41": {
        "Linear": 0.5772114889488332,
        "Bilinear": 0.7608060186800131,
        "Cubic": 0.8964151166914258,
        "4th": 0.9637021982190513
    },
    "position_42": {
        "Linear": 0.9789273912312286,
        "Bilinear": 0.9967225175994973,
        "Cubic": 0.999718686569126,
        "4th": 0.9999792800674101
    },
    "position_43": {
        "Linear": 0.980459485900675,
        "Bilinear": 0.9968722110255948,
        "Cubic": 0.9996948425710129,
        "4th": 0.999976622874391
    },
    "position_44": {
        "Linear": 0.979491187279182,
        "Bilinear": 0.9966993230272791,
        "Cubic": 0.9996849595431044,