{
    "position_1": {
        "Linear": 0.547846311445598,
        "Quadratic": 0.9993685730844883,
        "Cubic": 0.999999216257869,
        "Quartic": 0.9999999976318737
    },
    "position_2": {
        "Linear": 0.8487804173940398,
        "Quadratic": 0.9999195879353471,
        "Cubic": 0.9999998598501901,
        "Quartic": 0.9999999976014697
    },
    "position_3": {
        "Linear": 0.6649601095145627,
        "Quadratic": 0.9997287322625225,
        "Cubic": 0.9999996297687541,
        "Quartic": 0.9999999974909122
    },
    "position_4": {
        "Linear": 0.7270872417574787,
        "Quadratic": 0.9997605474108593,
        "Cubic": 0.9999996623117984,
        "Quartic": 0.9999999977715446
    },
    "position_5": {
        "Linear": 0.7158607898580414,
        "Quadratic": 0.9998021023888702,
        "Cubic": 0.9999996970052849,
        "Quartic": 0.9999999968885439
    },
    "position_6": {
        "Linear": 0.7629777757659604,
        "Quadratic": 0.9998630230460299,
        "Cubic": 0.9999997494878479,
        "Quartic": 0.9999999960763616
    },
    "position_7": {
        "Linear": 0.8704481038451671,
        "Quadratic": 0.9999137025841336,
        "Cubic": 0.9999999273516906,
        "Quartic": 0.9999999990405027
    },
    "position_8": {
        "Linear": 0.7527945537611027,
        "Quadratic": 0.999817623406309,
        "Cubic": 0.9999997464224827,
        "Quartic": 0.9999999973194849
    },
    "position_9": {
        "Linear": 0.6948232023000727,
        "Quadratic": 0.9997510200364533,
        "Cubic": 0.999999634472687,
        "Quartic": 0.9999999972674349
    },
    "position_10": {
        "Linear": 0.8182923589672576,
        "Quadratic": 0.9999157142497181,
        "Cubic": 0.9999999355672801,
        "Quartic": 0.9999999988422518
    },
    "position_11": {
        "Linear": 0.831579864535117,
        "Quadratic": 0.999906955413005,
        "Cubic": 0.9999998349888768,
        "Quartic": 0.9999999969288531
    },
    "position_12": {
        "Linear": 0.7105015713341756,
        "Quadratic": 0.9997586214386592,
        "Cubic": 0.9999996522753015,
        "Quartic": 0.9999999975232512
    },
    "position_13": {
        "Linear": 0.6156521584195724,
        "Quadratic": 0.999364232956627,
        "Cubic": 0.9999993544267621,
        "Quartic": 0.9999999957740077
    },
    "position_14": {
        "Linear": 0.8677773430278989,
        "Quadratic": 0.999953620210046,
        "Cubic": 0.9999998612257779,
        "Quartic": 0.9999999980208852
    },
    "position_15": {
        "Linear": 0.5942796006977209,
        "Quadratic": 0.9995730552743932,
        "Cubic": 0.9999994036991235,
        "Quartic": 0.9999999971416963
    },
    "position_16": {
        "Linear": 0.39409466882814903,
        "Quadratic": 0.9990007551428708,
        "Cubic": 0.9999981132550729,
        "Quartic": 0.9999999940867842
    },
    "position_17": {
        "Linear": 0.6168809533629551,
        "Quadratic": 0.9995300700376993,
        "Cubic": 0.9999992973682005,
        "Quartic": 0.9999999971382356
    },
    "position_18": {
        "Linear": 0.7611594737165849,
        "Quadratic": 0.9998483897059023,
        "Cubic": 0.9999997289346815,
        "Quartic": 0.9999999960234848
    },
    "position_19": {
        "Linear": 0.02484618283023421,
        "Quadratic": 0.9971050380202587,
        "Cubic": 0.9999899678176595,
        "Quartic": 0.9999999639026058
    },
    "position_20": {
        "Linear": 0.7401510353210873,
        "Quadratic": 0.9998548260790039,
        "Cubic": 0.9999997203710674,
        "Quartic": 0.9999999955439273
    },
    "position_21": {
        "Linear": 0.6869382185063304,
        "Quadratic": 0.9997870245253071,
        "Cubic": 0.9999996612225122,
        "Quartic": 0.9999999960804106
    },
    "position_22": {
        "Linear": 0.8092256057126445,
        "Quadratic": 0.999906147625621,
        "Cubic": 0.9999997838429967,
        "Quartic": 0.9999999960746527
    },
    "position_23": {
        "Linear": 0.5609044468889883,
        "Quadratic": 0.999533578256769,
        "Cubic": 0.9999993143036332,
        "Quartic": 0.9999999965236145
    },
    "position_24": {
        "Linear": 0.8732612802051005,
        "Quadratic": 0.9999449091761338,
        "Cubic": 0.9999998684900349,
        "Quartic": 0.999999998107382
    },
    "position_25": {
        "Linear": 0.6944084669631994,
        "Quadratic": 0.9997545730511056,
        "Cubic": 0.9999996314760323,
        "Quartic": 0.9999999969138885
    },
    "position_26": {
        "Linear": 0.7611594737165849,
        "Quadratic": 0.9998483897059023,
        "Cubic": 0.9999997289346815,
        "Quartic": 0.9999999960234848
    },
    "position_27": {
        "Linear": 0.8874339016489101,
        "Quadratic": 0.9999326079420345,
        "Cubic": 0.9999999270923347,
        "Quartic": 0.9999999986903558
    },
    "position_28": {
        "Linear": 0.8626967902007713,
        "Quadratic": 0.9999198176481807,
        "Cubic": 0.9999998988995566,
        "Quartic": 0.9999999984353493
    },
    "position_29": {
        "Linear": 0.39409466882814903,
        "Quadratic": 0.9990007551428708,
        "Cubic": 0.9999981132550729,
        "Quartic": 0.9999999940867842
    },
    "position_30": {
        "Linear": 0.8145795272382605,
        "Quadratic": 0.9999067873387271,
        "Cubic": 0.9999997857821263,
        "Quartic": 0.999999995937507
    },
    "position_31": {
        "Linear": 0.717208042443971,
        "Quadratic": 0.9997493387190529,
        "Cubic": 0.9999996352876751,
        "Quartic": 0.9999999975960185
    },
    "position_32": {
        "Linear": 0.831579864535117,
        "Quadratic": 0.999906955413005,
        "Cubic": 0.9999998349888768,
        "Quartic": 0.9999999969288531
    },
    "position_33": {
        "Linear": 0.7059562191969289,
        "Quadratic": 0.9997955043519857,
        "Cubic": 0.9999996830214465,
        "Quartic": 0.9999999965010323
    },
    "position_34": {
        "Linear": 0.42650937165645475,
        "Quadratic": 0.9989943638741661,
        "Cubic": 0.9999980909264506,
        "Quartic": 0.9999999945825793
    },
    "position_35": {
        "Linear": 0.9012651474238244,
        "Quadratic": 0.9999419593878852,
        "Cubic": 0.9999997517085135,
        "Quartic": 0.999999997250826
    },
    "position_36": {
        "Linear": 0.8907003827914945,
        "Quadratic": 0.9999301192170863,
        "Cubic": 0.9999999285822123,
        "Quartic": 0.9999999987821273
    },
    "position_37": {
        "Linear": -0.37926964086704484,
        "Quadratic": 0.9941543998355157,
        "Cubic": 0.9999750343818721,
        "Quartic": 0.999999941745649
    },
    "position_38": {
        "Linear": 0.6847514095193002,
        "Quadratic": 0.9997645180189356,
        "Cubic": 0.9999996569166428,
        "Quartic": 0.9999999969794254
    },
    "position_39": {
        "Linear": 0.2902033122221892,
        "Quadratic": 0.9982114265758262,
        "Cubic": 0.9999958180719056,
        "Quartic": 0.9999999919114495
    },
    "position_40": {
        "Linear": 0.77705379889635,
        "Quadratic": 0.9998701461814723,
        "Cubic": 0.9999998979737711,
        "Quartic": 0.9999999986314031
    },
    "position_41": {
        "Linear": 0.903880986887464,
        "Quadratic": 0.9999592909709328,
        "Cubic": 0.999999932108153,
        "Quartic": 0.9999999985404603
    },
    "position_42": {
        "Linear": 0.6955770739105258,
        "Quadratic": 0.9997725076601088,
        "Cubic": 0.999999672384543,
        "Quartic": 0.9999999973422218
    },
    "position_43": {
        "Linear": 0.892511709637007,
        "Quadratic": 0.9999425231519087,