{
    "position_93": {
        "Linear": 0.9267715758671431,
        "Quadratic": 0.9999761496524048,
        "Cubic": 0.9999999572838912,
        "Quartic": 0.999999998578194
    },
    "position_67": {
        "Linear": 0.922199475783338,
        "Quadratic": 0.9999779026453762,
        "Cubic": 0.9999999409612224,
        "Quartic": 0.9999999984999783
    },
    "position_88": {
        "Linear": 0.9195272427006377,
        "Quadratic": 0.9999744815436433,
        "Cubic": 0.9999999397158038,
        "Quartic": 0.9999999984739489
    },
    "position_82": {
        "Linear": 0.9188272253417847,
        "Quadratic": 0.9999768066825026,
        "Cubic": 0.9999999441703512,
        "Quartic": 0.9999999982877579
    },
    "position_84": {
        "Linear": 0.9159704776710486,
        "Quadratic": 0.9999757883534697,
        "Cubic": 0.9999999317586404,
        "Quartic": 0.9999999983692666
    },
    "position_65": {
        "Linear": 0.9149498072287521,
        "Quadratic": 0.9999769449710478,
        "Cubic": 0.9999999225661783,
        "Quartic": 0.9999999983275315
    },
    "position_64": {
        "Linear": 0.9138654453162935,
        "Quadratic": 0.999963383352853,
        "Cubic": 0.9999999562375507,
        "Quartic": 0.9999999986878075
    },
    "position_68": {
        "Linear": 0.9067026142382637,
        "Quadratic": 0.9999544850417486,
        "Cubic": 0.9999999309605132,
        "Quartic": 0.9999999985442553
    },
    "position_41": {
        "Linear": 0.903880986887464,
        "Quadratic": 0.9999592909709328,
        "Cubic": 0.999999932108153,
        "Quartic": 0.9999999985404603
    },
    "position_75": {
        "Linear": 0.9037420290372125,
        "Quadratic": 0.9999580723291828,
        "Cubic": 0.9999999233165009,
        "Quartic": 0.999999998419643
    },
    "position_89": {
        "Linear": 0.9022826914299342,
        "Quadratic": 0.9999353529269875,
        "Cubic": 0.9999999450671957,
        "Quartic": 0.9999999991719315
    },
    "position_35": {
        "Linear": 0.9012651474238244,
        "Quadratic": 0.9999419593878852,
        "Cubic": 0.9999997517085135,
        "Quartic": 0.999999997250826
    },
    "position_61": {
        "Linear": 0.8979625940162502,
        "Quadratic": 0.999959710267047,
        "Cubic": 0.9999999120469729,
        "Quartic": 0.9999999983175032
    },
    "position_95": {
        "Linear": 0.8951106455904814,
        "Quadratic": 0.9999517317615656,
        "Cubic": 0.9999999162071933,
        "Quartic": 0.9999999983599723
    },
    "position_43": {
        "Linear": 0.892511709637007,
        "Quadratic": 0.9999425231519087,
        "Cubic": 0.9999999444727214,
        "Quartic": 0.9999999987718546
    },
    "position_36": {
        "Linear": 0.8907003827914945,
        "Quadratic": 0.9999301192170863,
        "Cubic": 0.9999999285822123,
        "Quartic": 0.9999999987821273
    },
    "position_27": {
        "Linear": 0.8874339016489101,
        "Quadratic": 0.9999326079420345,
        "Cubic": 0.9999999270923347,
        "Quartic": 0.9999999986903558
    },
    "position_74": {
        "Linear": 0.8851394740072285,
        "Quadratic": 0.9999562443124345,
        "Cubic": 0.9999998912858953,
        "Quartic": 0.9999999981072153
    },
    "position_52": {
        "Linear": 0.8840045972460295,
        "Quadratic": 0.9999474030990466,
        "Cubic": 0.9999999456144604,
        "Quartic": 0.9999999991534905
    },
    "position_63": {
        "Linear": 0.883010727188727,
        "Quadratic": 0.9999340434002099,
        "Cubic": 0.999999937521289,
        "Quartic": 0.999999998738347
    },
    "position_77": {
        "Linear": 0.8824350244544059,
        "Quadratic": 0.9999353513828151,
        "Cubic": 0.9999999244725648,
        "Quartic": 0.9999999986151428
    },
    "position_73": {
        "Linear": 0.8802350191079167,
        "Quadratic": 0.999952974000955,
        "Cubic": 0.9999998702011127,
        "Quartic": 0.9999999979692249
    },
    "position_53": {
        "Linear": 0.8778472673173535,
        "Quadratic": 0.9999212907049132,
        "Cubic": 0.9999999349698402,
        "Quartic": 0.9999999990267353
    },
    "position_72": {
        "Linear": 0.8751335745859073,
        "Quadratic": 0.9999556608723928,
        "Cubic": 0.9999998597234414,
        "Quartic": 0.9999999975961632
    },
    "position_92": {
        "Linear": 0.8748527175567333,
        "Quadratic": 0.999920471021777,
        "Cubic": 0.9999998902215884,
        "Quartic": 0.9999999984608908
    },
    "position_24": {
        "Linear": 0.8732612802051005,
        "Quadratic": 0.9999449091761338,
        "Cubic": 0.9999998684900349,
        "Quartic": 0.999999998107382
    },
    "position_7": {
        "Linear": 0.8704481038451671,
        "Quadratic": 0.9999137025841336,
        "Cubic": 0.9999999273516906,
        "Quartic": 0.9999999990405027
    },
    "position_98": {
        "Linear": 0.86948078938586,
        "Quadratic": 0.9999554829924997,
        "Cubic": 0.9999998510175788,
        "Quartic": 0.9999999969862392
    },
    "position_14": {
        "Linear": 0.8677773430278989,
        "Quadratic": 0.999953620210046,
        "Cubic": 0.9999998612257779,
        "Quartic": 0.9999999980208852
    },
    "position_99": {
        "Linear": 0.865083118148307,
        "Quadratic": 0.9999126038087518,
        "Cubic": 0.9999996541866635,
        "Quartic": 0.9999999964040197
    },
    "position_28": {
        "Linear": 0.8626967902007713,
        "Quadratic": 0.9999198176481807,
        "Cubic": 0.9999998988995566,
        "Quartic": 0.9999999984353493
    },
    "position_97": {
        "Linear": 0.8608564383846022,
        "Quadratic": 0.9999115479541876,
        "Cubic": 0.9999998595965717,
        "Quartic": 0.9999999980977552
    },
    "position_79": {
        "Linear": 0.8599821622263542,
        "Quadratic": 0.9999304077050319,
        "Cubic": 0.9999998484488481,
        "Quartic": 0.9999999975751747
    },
    "position_78": {
        "Linear": 0.859718291865912,
        "Quadratic": 0.9999425260892393,
        "Cubic": 0.9999998336574941,
        "Quartic": 0.9999999972219991
    },
    "position_62": {
        "Linear": 0.8561058285496856,
        "Quadratic": 0.9999421514699595,
        "Cubic": 0.9999998360376662,
        "Quartic": 0.9999999975837419
    },
    "position_85": {
        "Linear": 0.8553529984755778,
        "Quadratic": 0.9999039705582169,
        "Cubic": 0.999999620025725,
        "Quartic": 0.9999999955627794
    },
    "position_48": {
        "Linear": 0.8552021272150783,
        "Quadratic": 0.9999166536873297,
        "Cubic": 0.9999998421004073,
        "Quartic": 0.9999999977721523
    },
    "position_91": {
        "Linear": 0.8529071134506093,
        "Quadratic": 0.9999159941962068,
        "Cubic": 0.9999998516544447,
        "Quartic": 0.9999999975706282
    },
    "position_80": {
        "Linear": 0.8508691114587023,
        "Quadratic": 0.9999220544835217,
        "Cubic": 0.9999998636851396,
        "Quartic": 0.9999999976301954
    },
    "position_45": {
        "Linear": 0.8501760490243604,
        "Quadratic": 0.9999542080783967,
        "Cubic": 0.999999911000352,
        "Quartic": 0.999999998242686
    },
    "position_54": {
        "Linear": 0.8495221957041275,
        "Quadratic": 0.9999112924576377,
        "Cubic": 0.9999998422748932,
        "Quartic": 0.9999999974866612
    },
    "position_2": {
        "Linear": 0.8487804173940398,
        "Quadratic": 0.9999195879353471,
        "Cubic": 0.9999998598501901,
        "Quartic": 0.9999999976014697
    },
    "position_83": {
        "Linear": 0.8468533977397266,
        "Quadratic": 0.9999257398910294,