{
    "position_1": {
        "Linear": -0.1988154308222032,
        "Bilinear": 0.5693785196354155,
        "Cubic": 0.8483998505832389,
        "4th": 0.9484027863503814
    },
    "position_2": {
        "Linear": 0.7174884212302002,
        "Bilinear": 0.9100677200955808,
        "Cubic": 0.9798693213168305,
        "4th": 0.9951173947939851
    },
    "position_3": {
        "Linear": 0.37825321916407373,
        "Bilinear": 0.7232822364180631,
        "Cubic": 0.897196043867082,
        "4th": 0.9671678219573882
    },
    "position_4": {
        "Linear": -0.8774526235051157,
        "Bilinear": -0.045316698090900775,
        "Cubic": 0.5605352223846377,
        "4th": 0.8283499241429555
    },
    "position_5": {
        "Linear": 0.8627309668336918,
        "Bilinear": 0.9757424456092582,
        "Cubic": 0.9965039408186396,
        "4th": 0.9994262374267094
    },
    "position_6": {
        "Linear": 0.6154588523039917,
        "Bilinear": 0.8864948547458554,
        "Cubic": 0.9766865219256464,
        "4th": 0.9950237073830952
    },
    "position_7": {
        "Linear": 0.5234627170647322,
        "Bilinear": 0.8017222460403051,
        "Cubic": 0.968086130936316,
        "4th": 0.9939985392029808
    },
    "position_8": {
        "Linear": 0.7353986587960797,
        "Bilinear": 0.92088292492241,
        "Cubic": 0.9822929998714587,
        "4th": 0.9958585205298406
    },
    "position_9": {
        "Linear": 0.8711087649819754,
        "Bilinear": 0.9737927684788802,
        "Cubic": 0.9964896818538236,
        "4th": 0.9993577340391513
    },
    "position_10": {
        "Linear": 0.6680167969794473,
        "Bilinear": 0.8941563033390365,
        "Cubic": 0.9712965422218698,
        "4th": 0.9926168071131278
    },
    "position_11": {
        "Linear": 0.6968213686446951,
        "Bilinear": 0.8807433436641093,
        "Cubic": 0.9720839076130757,
        "4th": 0.9922393179319271
    },
    "position_12": {
        "Linear": 0.6393818166850924,
        "Bilinear": 0.9158082315761672,
        "Cubic": 0.9828149801258809,
        "4th": 0.9963857500821883
    },
    "position_13": {
        "Linear": 0.5317664110672351,
        "Bilinear": 0.8722158440797114,
        "Cubic": 0.9753708475077887,
        "4th": 0.995541256241328
    },
    "position_14": {
        "Linear": 0.6491369258158156,
        "Bilinear": 0.8671640656741904,
        "Cubic": 0.9626347894461805,
        "4th": 0.988933673291245
    },
    "position_15": {
        "Linear": 0.6643046672821236,
        "Bilinear": 0.8695342997659236,
        "Cubic": 0.9676014143471001,
        "4th": 0.9907277143888262
    },
    "position_16": {
        "Linear": -1.4061572209465814,
        "Bilinear": -0.19414645679657805,
        "Cubic": 0.5733490604297173,
        "4th": 0.8450427735499171
    },
    "position_17": {
        "Linear": 0.6715866003506326,
        "Bilinear": 0.8365510669361869,
        "Cubic": 0.9571281368540038,
        "4th": 0.9866254783802365
    },
    "position_18": {
        "Linear": 0.7583748084127409,
        "Bilinear": 0.9325291705454696,
        "Cubic": 0.9897527073354386,
        "4th": 0.9982733362274144
    },
    "position_19": {
        "Linear": 0.6704631960708403,
        "Bilinear": 0.8985000819128098,
        "Cubic": 0.9768313641189559,
        "4th": 0.9942431833144794
    },
    "position_20": {
        "Linear": 0.7852265173205145,
        "Bilinear": 0.9529649140838101,
        "Cubic": 0.9920013124653423,
        "4th": 0.9984104058736262
    },
    "position_21": {
        "Linear": 0.6881855932378567,
        "Bilinear": 0.899453988389163,
        "Cubic": 0.9741108056962341,
        "4th": 0.9935264298788273
    },
    "position_22": {
        "Linear": 0.7008233114061477,
        "Bilinear": 0.9023215712699182,
        "Cubic": 0.9783143286479513,
        "4th": 0.9947593189311407
    },
    "position_23": {
        "Linear": 0.4221102284181233,
        "Bilinear": 0.7850878961293293,
        "Cubic": 0.9594584104662562,
        "4th": 0.9916322405286297
    },
    "position_24": {
        "Linear": 0.7254048191745623,
        "Bilinear": 0.9200375628516739,
        "Cubic": 0.9865968751154147,
        "4th": 0.9961784026542942
    },
    "position_25": {
        "Linear": 0.6387707159771273,
        "Bilinear": 0.87547408031378,
        "Cubic": 0.9689742674817631,
        "4th": 0.9907775732440944
    },
    "position_26": {
        "Linear": 0.7987566877835061,
        "Bilinear": 0.9358127227999034,
        "Cubic": 0.9889217143522329,
        "4th": 0.9974575817189963
    },
    "position_27": {
        "Linear": 0.8369944918666914,
        "Bilinear": 0.9538774605287907,
        "Cubic": 0.9925826889838356,
        "4th": 0.9983030172946504
    },
    "position_28": {
        "Linear": 0.14305131203401977,
        "Bilinear": 0.5945250592765295,
        "Cubic": 0.8608297080975229,
        "4th": 0.952486858139737
    },
    "position_29": {
        "Linear": 0.22744348937708914,
        "Bilinear": 0.7172252040865232,
        "Cubic": 0.9307775691054945,
        "4th": 0.983398353621822
    },
    "position_30": {
        "Linear": 0.850981267394126,
        "Bilinear": 0.967527094303885,
        "Cubic": 0.9949773239555934,
        "4th": 0.9990096458245264
    },
    "position_31": {
        "Linear": 0.7044205723705818,
        "Bilinear": 0.9465320074057659,
        "Cubic": 0.9894995006130933,
        "4th": 0.9975498921541208
    },
    "position_32": {
        "Linear": 0.7748695937748298,
        "Bilinear": 0.9509316546364259,
        "Cubic": 0.9899142596091034,
        "4th": 0.9979723747341609
    },
    "position_33": {
        "Linear": 0.705222813629279,
        "Bilinear": 0.9364391933521788,
        "Cubic": 0.9860586022742018,
        "4th": 0.9967182349635785
    },
    "position_34": {
        "Linear": 0.8037810252605828,
        "Bilinear": 0.9543100891582292,
        "Cubic": 0.9915253987086791,
        "4th": 0.9982498334214874
    },
    "position_35": {
        "Linear": 0.6771751804959407,
        "Bilinear": 0.925302087603758,
        "Cubic": 0.9823599138451249,
        "4th": 0.9958364748848293
    },
    "position_36": {
        "Linear": 0.6931701844230141,
        "Bilinear": 0.9447989476983362,
        "Cubic": 0.9889263409483585,
        "4th": 0.9972266065361046
    },
    "position_37": {
        "Linear": 0.7289629939369144,
        "Bilinear": 0.9497927545688418,
        "Cubic": 0.9921030727200297,
        "4th": 0.9984989491834256
    },
    "position_38": {
        "Linear": 0.8002648569054149,
        "Bilinear": 0.969049594517805,
        "Cubic": 0.9951022490036777,
        "4th": 0.9990845254796951
    },
    "position_39": {
        "Linear": 0.3326067921116155,
        "Bilinear": 0.8116394659722789,
        "Cubic": 0.9460989690366788,
        "4th": 0.9853267621663329
    },
    "position_40": {
        "Linear": -0.001483226536633131,
        "Bilinear": 0.6051760093561069,
        "Cubic": 0.8556321420136042,
        "4th": 0.9531412983447589
    },
    "position_41": {
        "Linear": 0.7136663929787392,
        "Bilinear": 0.933270269887053,
        "Cubic": 0.9853893417206905,
        "4th": 0.9967822374110925
    },
    "position_42": {
        "Linear": 0.7181106529445226,
        "Bilinear": 0.9432115882630433,
        "Cubic": 0.9884892618037168,
        "4th": 0.9976179756385519
    },
    "position_43": {
        "Linear": 0.6946917090096338,
        "Bilinear": 0.9491984164054921,
        "Cubic": 0.9912097761039512,
        "4th": 0.9982648615092042
    },
    "position_44": {
        "Linear": 0.7246761562984974,
        "Bilinear": 0.9523460119085544,
        "Cubic": 0.9909511072289379,