{
    "position_65": {
        "Linear": 0.9453385074700944,
        "Quadratic": 0.999937264793326,
        "Cubic": 0.9999997704758659,
        "Quartic": 0.9999999995801763
    },
    "position_82": {
        "Linear": 0.9426295459228853,
        "Quadratic": 0.999917284576036,
        "Cubic": 0.9999997946612593,
        "Quartic": 0.9999999997086605
    },
    "position_93": {
        "Linear": 0.9407381290487747,
        "Quadratic": 0.9998865100613106,
        "Cubic": 0.9999995534515116,
        "Quartic": 0.9999999992919306
    },
    "position_67": {
        "Linear": 0.9394967636027088,
        "Quadratic": 0.9999228824522377,
        "Cubic": 0.9999994823773751,
        "Quartic": 0.9999999985830049
    },
    "position_84": {
        "Linear": 0.9372705777778375,
        "Quadratic": 0.9999261614692758,
        "Cubic": 0.9999995035242367,
        "Quartic": 0.9999999986408672
    },
    "position_88": {
        "Linear": 0.9320196480184579,
        "Quadratic": 0.9999152981178353,
        "Cubic": 0.9999994803472273,
        "Quartic": 0.9999999987049387
    },
    "position_14": {
        "Linear": 0.9299098738190487,
        "Quadratic": 0.9999406693863239,
        "Cubic": 0.9999997494240833,
        "Quartic": 0.9999999995262833
    },
    "position_72": {
        "Linear": 0.9275034637266039,
        "Quadratic": 0.9999428913341064,
        "Cubic": 0.9999997723853488,
        "Quartic": 0.9999999995323204
    },
    "position_75": {
        "Linear": 0.926882667618678,
        "Quadratic": 0.9999065413450536,
        "Cubic": 0.9999995711724593,
        "Quartic": 0.9999999991651307
    },
    "position_24": {
        "Linear": 0.9267394353163934,
        "Quadratic": 0.9999182711305553,
        "Cubic": 0.9999994829087789,
        "Quartic": 0.9999999989392548
    },
    "position_73": {
        "Linear": 0.9264378268234403,
        "Quadratic": 0.9999187031565921,
        "Cubic": 0.9999995242404561,
        "Quartic": 0.9999999989527881
    },
    "position_53": {
        "Linear": 0.9258117555087735,
        "Quadratic": 0.9998022547356535,
        "Cubic": 0.9999907772164541,
        "Quartic": 0.9999996473493342
    },
    "position_74": {
        "Linear": 0.9252454108469996,
        "Quadratic": 0.9999206317060585,
        "Cubic": 0.999999766172565,
        "Quartic": 0.9999999996325823
    },
    "position_95": {
        "Linear": 0.9245224191280672,
        "Quadratic": 0.9999139690131641,
        "Cubic": 0.9999996266053951,
        "Quartic": 0.9999999992092505
    },
    "position_64": {
        "Linear": 0.9243955783706709,
        "Quadratic": 0.9998535159079505,
        "Cubic": 0.9999968678508472,
        "Quartic": 0.999999926148002
    },
    "position_79": {
        "Linear": 0.9236440397922361,
        "Quadratic": 0.9999346838854769,
        "Cubic": 0.9999996041693358,
        "Quartic": 0.9999999989828895
    },
    "position_61": {
        "Linear": 0.9233815149809494,
        "Quadratic": 0.9999160848259271,
        "Cubic": 0.9999994865654798,
        "Quartic": 0.9999999987020274
    },
    "position_35": {
        "Linear": 0.9216359275175988,
        "Quadratic": 0.9999022615538864,
        "Cubic": 0.9999995973030564,
        "Quartic": 0.9999999992096051
    },
    "position_78": {
        "Linear": 0.9210273411110945,
        "Quadratic": 0.9999264605776403,
        "Cubic": 0.9999997641405104,
        "Quartic": 0.9999999996339093
    },
    "position_41": {
        "Linear": 0.9205372670630757,
        "Quadratic": 0.9999118384203171,
        "Cubic": 0.9999995083998038,
        "Quartic": 0.9999999988459345
    },
    "position_28": {
        "Linear": 0.9203594180368967,
        "Quadratic": 0.9998984219407119,
        "Cubic": 0.9999982574848739,
        "Quartic": 0.9999999753537454
    },
    "position_45": {
        "Linear": 0.919690298093997,
        "Quadratic": 0.9999441165897291,
        "Cubic": 0.9999995023099371,
        "Quartic": 0.999999998296856
    },
    "position_58": {
        "Linear": 0.9191452843067841,
        "Quadratic": 0.9999314588366545,
        "Cubic": 0.9999997442139928,
        "Quartic": 0.999999999572541
    },
    "position_62": {
        "Linear": 0.9186544896729568,
        "Quadratic": 0.9999252983025279,
        "Cubic": 0.9999997619133085,
        "Quartic": 0.9999999996425439
    },
    "position_77": {
        "Linear": 0.9171356534691533,
        "Quadratic": 0.9998867369738689,
        "Cubic": 0.9999981580628935,
        "Quartic": 0.9999999759095979
    },
    "position_80": {
        "Linear": 0.9151839458411972,
        "Quadratic": 0.9999199440542739,
        "Cubic": 0.9999993683746218,
        "Quartic": 0.9999999974221606
    },
    "position_99": {
        "Linear": 0.9145601761208855,
        "Quadratic": 0.9999259445839611,
        "Cubic": 0.9999998466453615,
        "Quartic": 0.9999999996901272
    },
    "position_2": {
        "Linear": 0.914554874183457,
        "Quadratic": 0.9999199075395285,
        "Cubic": 0.9999993698920085,
        "Quartic": 0.9999999974297705
    },
    "position_48": {
        "Linear": 0.9134043637233451,
        "Quadratic": 0.9999253044007802,
        "Cubic": 0.9999995963197026,
        "Quartic": 0.9999999990656994
    },
    "position_85": {
        "Linear": 0.9116440446157174,
        "Quadratic": 0.9999195067891142,
        "Cubic": 0.9999998335697493,
        "Quartic": 0.9999999996947206
    },
    "position_11": {
        "Linear": 0.9089172870095505,
        "Quadratic": 0.9999221739974629,
        "Cubic": 0.9999993929945725,
        "Quartic": 0.9999999975150929
    },
    "position_43": {
        "Linear": 0.9087276369076426,
        "Quadratic": 0.9998522867046247,
        "Cubic": 0.999996797446451,
        "Quartic": 0.9999999095302569
    },
    "position_68": {
        "Linear": 0.9079465529402022,
        "Quadratic": 0.9999016848129095,
        "Cubic": 0.9999995402639069,
        "Quartic": 0.9999999990192315
    },
    "position_94": {
        "Linear": 0.9044340397679468,
        "Quadratic": 0.999912662925871,
        "Cubic": 0.9999995226350881,
        "Quartic": 0.9999999989290214
    },
    "position_22": {
        "Linear": 0.9041954837057152,
        "Quadratic": 0.9999400154135136,
        "Cubic": 0.9999997542909426,
        "Quartic": 0.9999999994301263
    },
    "position_7": {
        "Linear": 0.9036986213255094,
        "Quadratic": 0.9998630338024782,
        "Cubic": 0.9999999461777751,
        "Quartic": 0.9999999998791809
    },
    "position_100": {
        "Linear": 0.9036406247101287,
        "Quadratic": 0.9999167604122462,
        "Cubic": 0.9999996663171005,
        "Quartic": 0.9999999993582412
    },
    "position_63": {
        "Linear": 0.9034317508884906,
        "Quadratic": 0.9998777467509293,
        "Cubic": 0.9999996834886177,
        "Quartic": 0.9999999995071092
    },
    "position_87": {
        "Linear": 0.9031060155601427,
        "Quadratic": 0.9999233737119522,
        "Cubic": 0.9999997248063398,
        "Quartic": 0.9999999995248062
    },
    "position_98": {
        "Linear": 0.9026926725947273,
        "Quadratic": 0.9999132096913793,
        "Cubic": 0.9999996466906297,
        "Quartic": 0.999999999327303
    },
    "position_30": {
        "Linear": 0.9024288924194364,
        "Quadratic": 0.9999351428884556,
        "Cubic": 0.9999997555236644,
        "Quartic": 0.9999999995164728
    },
    "position_92": {
        "Linear": 0.902262394446153,
        "Quadratic": 0.9999041369850934,
        "Cubic": 0.9999996036872719,
        "Quartic": 0.9999999992543052
    },
    "position_81": {
        "Linear": 0.9021571623169302,
        "Quadratic": 0.9999352526280052,