{
    "position_1": {
        "Linear": 0.7110550818732693,
        "Quadratic": 0.999954523014608,
        "Cubic": 0.9999995482968367,
        "Quartic": 0.9999999984668752
    },
    "position_2": {
        "Linear": 0.914554874183457,
        "Quadratic": 0.9999199075395285,
        "Cubic": 0.9999993698920085,
        "Quartic": 0.9999999974297705
    },
    "position_3": {
        "Linear": 0.833880156461563,
        "Quadratic": 0.9999664520332456,
        "Cubic": 0.9999998152128986,
        "Quartic": 0.9999999995385015
    },
    "position_4": {
        "Linear": 0.8377456083659935,
        "Quadratic": 0.9999323644152572,
        "Cubic": 0.9999995440432693,
        "Quartic": 0.9999999990447853
    },
    "position_5": {
        "Linear": 0.8490951072141262,
        "Quadratic": 0.9999432326424189,
        "Cubic": 0.9999997575482625,
        "Quartic": 0.9999999995708059
    },
    "position_6": {
        "Linear": 0.8776576914309281,
        "Quadratic": 0.9999295165450384,
        "Cubic": 0.9999997419531338,
        "Quartic": 0.9999999995720432
    },
    "position_7": {
        "Linear": 0.9036986213255094,
        "Quadratic": 0.9998630338024782,
        "Cubic": 0.9999999461777751,
        "Quartic": 0.9999999998791809
    },
    "position_8": {
        "Linear": 0.8796904487043864,
        "Quadratic": 0.9999390413420581,
        "Cubic": 0.9999994074752621,
        "Quartic": 0.9999999972809899
    },
    "position_9": {
        "Linear": 0.8227894444399354,
        "Quadratic": 0.9999492083515044,
        "Cubic": 0.9999997798737593,
        "Quartic": 0.9999999996129427
    },
    "position_10": {
        "Linear": 0.8632405986229374,
        "Quadratic": 0.9999332811668655,
        "Cubic": 0.9999997511827533,
        "Quartic": 0.9999999995828808
    },
    "position_11": {
        "Linear": 0.9089172870095505,
        "Quadratic": 0.9999221739974629,
        "Cubic": 0.9999993929945725,
        "Quartic": 0.9999999975150929
    },
    "position_12": {
        "Linear": 0.8407235306018558,
        "Quadratic": 0.9999352909821214,
        "Cubic": 0.9999995400250198,
        "Quartic": 0.9999999989843718
    },
    "position_13": {
        "Linear": 0.8671449195770623,
        "Quadratic": 0.9994093745547379,
        "Cubic": 0.9999581330191994,
        "Quartic": 0.999996183246782
    },
    "position_14": {
        "Linear": 0.9299098738190487,
        "Quadratic": 0.9999406693863239,
        "Cubic": 0.9999997494240833,
        "Quartic": 0.9999999995262833
    },
    "position_15": {
        "Linear": 0.7796469002200646,
        "Quadratic": 0.9999724129710361,
        "Cubic": 0.9999998178519878,
        "Quartic": 0.9999999995824853
    },
    "position_16": {
        "Linear": 0.6371616570300338,
        "Quadratic": 0.9999800847162175,
        "Cubic": 0.9999997800703382,
        "Quartic": 0.9999999996536882
    },
    "position_17": {
        "Linear": 0.7913851084418171,
        "Quadratic": 0.9999648558824435,
        "Cubic": 0.9999996505513442,
        "Quartic": 0.9999999990275418
    },
    "position_18": {
        "Linear": 0.878957097395824,
        "Quadratic": 0.9999538757783303,
        "Cubic": 0.9999998060834825,
        "Quartic": 0.9999999995497805
    },
    "position_19": {
        "Linear": 0.2957416809265233,
        "Quadratic": 0.9998826934878398,
        "Cubic": 0.9999994048582248,
        "Quartic": 0.99999999930568
    },
    "position_20": {
        "Linear": 0.8762821235703102,
        "Quadratic": 0.99993271788405,
        "Cubic": 0.9999997410534298,
        "Quartic": 0.9999999995505551
    },
    "position_21": {
        "Linear": 0.84773328473417,
        "Quadratic": 0.9999454343394418,
        "Cubic": 0.9999997589017466,
        "Quartic": 0.99999999955411
    },
    "position_22": {
        "Linear": 0.9041954837057152,
        "Quadratic": 0.9999400154135136,
        "Cubic": 0.9999997542909426,
        "Quartic": 0.9999999994301263
    },
    "position_23": {
        "Linear": 0.7626437041421541,
        "Quadratic": 0.9999685459698519,
        "Cubic": 0.9999997971073117,
        "Quartic": 0.9999999996009461
    },
    "position_24": {
        "Linear": 0.9267394353163934,
        "Quadratic": 0.9999182711305553,
        "Cubic": 0.9999994829087789,
        "Quartic": 0.9999999989392548
    },
    "position_25": {
        "Linear": 0.8262765330918611,
        "Quadratic": 0.9999452056196746,
        "Cubic": 0.9999997714763716,
        "Quartic": 0.999999999618827
    },
    "position_26": {
        "Linear": 0.8681323402662762,
        "Quadratic": 0.9999265843524683,
        "Cubic": 0.9999997537699076,
        "Quartic": 0.9999999996198016
    },
    "position_27": {
        "Linear": 0.9014510960391302,
        "Quadratic": 0.9998663822127337,
        "Cubic": 0.999999615584175,
        "Quartic": 0.9999999994832965
    },
    "position_28": {
        "Linear": 0.9203594180368967,
        "Quadratic": 0.9998984219407119,
        "Cubic": 0.9999982574848739,
        "Quartic": 0.9999999753537454
    },
    "position_29": {
        "Linear": 0.6719473263488853,
        "Quadratic": 0.9999624772694925,
        "Cubic": 0.9999994987843596,
        "Quartic": 0.9999999990957612
    },
    "position_30": {
        "Linear": 0.9024288924194364,
        "Quadratic": 0.9999351428884556,
        "Cubic": 0.9999997555236644,
        "Quartic": 0.9999999995164728
    },
    "position_31": {
        "Linear": 0.8318865233676287,
        "Quadratic": 0.9999331123338883,
        "Cubic": 0.9999995510280687,
        "Quartic": 0.9999999990655375
    },
    "position_32": {
        "Linear": 0.8944202626544308,
        "Quadratic": 0.9999046715533988,
        "Cubic": 0.9999997594297173,
        "Quartic": 0.9999999996722262
    },
    "position_33": {
        "Linear": 0.8434940311689486,
        "Quadratic": 0.9999434807035762,
        "Cubic": 0.9999997615812196,
        "Quartic": 0.9999999995815688
    },
    "position_34": {
        "Linear": 0.6045414183954949,
        "Quadratic": 0.9999830636242882,
        "Cubic": 0.9999998034101297,
        "Quartic": 0.999999999687061
    },
    "position_35": {
        "Linear": 0.9216359275175988,
        "Quadratic": 0.9999022615538864,
        "Cubic": 0.9999995973030564,
        "Quartic": 0.9999999992096051
    },
    "position_36": {
        "Linear": 0.897842324071611,
        "Quadratic": 0.9998586025465093,
        "Cubic": 0.9999980744528312,
        "Quartic": 0.9999999772996342
    },
    "position_37": {
        "Linear": 0.043837614548094206,
        "Quadratic": 0.9954590556485043,
        "Cubic": 0.9999732953788455,
        "Quartic": 0.9999998136092321
    },
    "position_38": {
        "Linear": 0.8301074590132036,
        "Quadratic": 0.9999505615883865,
        "Cubic": 0.9999997744832458,
        "Quartic": 0.9999999995790544
    },
    "position_39": {
        "Linear": 0.436392050221181,
        "Quadratic": 0.999800948950071,
        "Cubic": 0.9999993327977019,
        "Quartic": 0.999999997932673
    },
    "position_40": {
        "Linear": 0.8456585999604883,
        "Quadratic": 0.9999662007155884,
        "Cubic": 0.9999997239582964,
        "Quartic": 0.9999999993836458
    },
    "position_41": {
        "Linear": 0.9205372670630757,
        "Quadratic": 0.9999118384203171,
        "Cubic": 0.9999995083998038,
        "Quartic": 0.9999999988459345
    },
    "position_42": {
        "Linear": 0.8477203804288984,
        "Quadratic": 0.9999609550732728,
        "Cubic": 0.9999998004820602,
        "Quartic": 0.9999999995348113
    },
    "position_43": {
        "Linear": 0.9087276369076426,
        "Quadratic": 0.9998522867046247,