{
    "position_1": {
        "Linear": 0.843315973682291,
        "Bilinear": 0.9456228395987524,
        "Cubic": 0.9842552936681825,
        "4th": 0.9957206802830849
    },
    "position_2": {
        "Linear": 0.8989119722588732,
        "Bilinear": 0.9814013616987208,
        "Cubic": 0.9967994515948293,
        "4th": 0.9993669149070468
    },
    "position_3": {
        "Linear": 0.8978371976859942,
        "Bilinear": 0.9814359360470739,
        "Cubic": 0.9968199292207782,
        "4th": 0.9993893313268176
    },
    "position_4": {
        "Linear": 0.7780931873036077,
        "Bilinear": 0.883488061527399,
        "Cubic": 0.9561860143306702,
        "4th": 0.9860422824035652
    },
    "position_5": {
        "Linear": 0.8553202764437497,
        "Bilinear": 0.95520954730289,
        "Cubic": 0.9880895602183899,
        "4th": 0.9969612289607256
    },
    "position_6": {
        "Linear": 0.8529765793901863,
        "Bilinear": 0.9470501087619214,
        "Cubic": 0.9854451365722364,
        "4th": 0.9962934910621606
    },
    "position_7": {
        "Linear": 0.6817752987738002,
        "Bilinear": 0.7857732163848956,
        "Cubic": 0.8996915514464102,
        "4th": 0.9612715475233384
    },
    "position_8": {
        "Linear": 0.8896393842331988,
        "Bilinear": 0.9737593625797911,
        "Cubic": 0.9947527500426384,
        "4th": 0.9988942624759449
    },
    "position_9": {
        "Linear": 0.8625234543220888,
        "Bilinear": 0.9598299750762818,
        "Cubic": 0.9898439709914938,
        "4th": 0.9974690959891997
    },
    "position_10": {
        "Linear": 0.9050360379178986,
        "Bilinear": 0.9859806799194357,
        "Cubic": 0.9978951410857371,
        "4th": 0.9996211539802605
    },
    "position_11": {
        "Linear": 0.9128393638018654,
        "Bilinear": 0.9880472989024934,
        "Cubic": 0.9983700701619743,
        "4th": 0.9996956823824228
    },
    "position_12": {
        "Linear": 0.8917022897121643,
        "Bilinear": 0.9771520260003859,
        "Cubic": 0.9956687696857611,
        "4th": 0.9991149048232841
    },
    "position_13": {
        "Linear": 0.8871011850828522,
        "Bilinear": 0.9721587046885712,
        "Cubic": 0.9942781228710323,
        "4th": 0.9987809489299516
    },
    "position_14": {
        "Linear": 0.8057637721986345,
        "Bilinear": 0.9142178448648088,
        "Cubic": 0.970082033960073,
        "4th": 0.9906388283292948
    },
    "position_15": {
        "Linear": 0.8625234543220888,
        "Bilinear": 0.9598299750762818,
        "Cubic": 0.9898439709914939,
        "4th": 0.9974690959891997
    },
    "position_16": {
        "Linear": 0.9050360379178986,
        "Bilinear": 0.9859806799194357,
        "Cubic": 0.9978951410857371,
        "4th": 0.9996211539802605
    },
    "position_17": {
        "Linear": 0.7868359441669689,
        "Bilinear": 0.8891008841077815,
        "Cubic": 0.9591780314001975,
        "4th": 0.9871829069255339
    },
    "position_18": {
        "Linear": 0.9013277063965889,
        "Bilinear": 0.9820436997353501,
        "Cubic": 0.9969815650656375,
        "4th": 0.9994060441584348
    },
    "position_19": {
        "Linear": 0.9128393638018654,
        "Bilinear": 0.9880472989024934,
        "Cubic": 0.9983700701619743,
        "4th": 0.9996956823824228
    },
    "position_20": {
        "Linear": 0.887152873098572,
        "Bilinear": 0.9622660431739224,
        "Cubic": 0.9911284260274102,
        "4th": 0.9978436572995184
    },
    "position_21": {
        "Linear": 0.8896393842331988,
        "Bilinear": 0.9737593625797911,
        "Cubic": 0.9947527500426384,
        "4th": 0.9988942624759449
    },
    "position_22": {
        "Linear": 0.9063067224282887,
        "Bilinear": 0.9828623958582995,
        "Cubic": 0.9972342365466583,
        "4th": 0.999455619696961
    },
    "position_23": {
        "Linear": 0.8995707570897997,
        "Bilinear": 0.9817227659573545,
        "Cubic": 0.9968820670330848,
        "4th": 0.9993853822868339
    },
    "position_24": {
        "Linear": 0.7778273359536008,
        "Bilinear": 0.8807554140043935,
        "Cubic": 0.9549226255598656,
        "4th": 0.9855819415921622
    },
    "position_25": {
        "Linear": 0.8995707570897997,
        "Bilinear": 0.9817227659573545,
        "Cubic": 0.9968820670330848,
        "4th": 0.9993853822868339
    },
    "position_26": {
        "Linear": 0.8953874439666794,
        "Bilinear": 0.9790926183118029,
        "Cubic": 0.9962142417328984,
        "4th": 0.9992414481071391
    },
    "position_27": {
        "Linear": 0.897451489294442,
        "Bilinear": 0.9794337849224347,
        "Cubic": 0.9963233723352585,
        "4th": 0.9992750956084308
    },
    "position_28": {
        "Linear": 0.9108735037322382,
        "Bilinear": 0.9897317861490432,
        "Cubic": 0.9986601390227899,
        "4th": 0.999758263282668
    },
    "position_29": {
        "Linear": 0.6943113657625637,
        "Bilinear": 0.810565374992086,
        "Cubic": 0.9166271311561779,
        "4th": 0.9703308302989242
    },
    "position_30": {
        "Linear": 0.7999212403927844,
        "Bilinear": 0.7999016001936341,
        "Cubic": 0.91076706442051,
        "4th": 0.9603819460819821
    },
    "position_31": {
        "Linear": 0.8731978628892577,
        "Bilinear": 0.9612661769521587,
        "Cubic": 0.9907582768894565,
        "4th": 0.9978451129393664
    },
    "position_32": {
        "Linear": 0.8960193960149166,
        "Bilinear": 0.9797335725198438,
        "Cubic": 0.9963925528040436,
        "4th": 0.9992957494316442
    },
    "position_33": {
        "Linear": 0.8945792321971658,
        "Bilinear": 0.9833045793557179,
        "Cubic": 0.9971988277064571,
        "4th": 0.9994684672653464
    },
    "position_34": {
        "Linear": 0.8265048899185978,
        "Bilinear": 0.9328132837096199,
        "Cubic": 0.9787412544473144,
        "4th": 0.9938109016422123
    },
    "position_35": {
        "Linear": 0.9106554497154669,
        "Bilinear": 0.9896211323386988,
        "Cubic": 0.9986499030188533,
        "4th": 0.9997703879759917
    },
    "position_36": {
        "Linear": 0.8781807592227467,
        "Bilinear": 0.9656770483053735,
        "Cubic": 0.9922308417508542,
        "4th": 0.9982496083824072
    },
    "position_37": {
        "Linear": 0.8281370340710414,
        "Bilinear": 0.9264902245373753,
        "Cubic": 0.9768367022007532,
        "4th": 0.9934917438487676
    },
    "position_38": {
        "Linear": 0.8206605569467506,
        "Bilinear": 0.9200497038011267,
        "Cubic": 0.9739445824075859,
        "4th": 0.9925060844292736
    },
    "position_39": {
        "Linear": 0.8870897128776236,
        "Bilinear": 0.9723526145359506,
        "Cubic": 0.9943268886930083,
        "4th": 0.9987914933780018
    },
    "position_40": {
        "Linear": 0.8177682752451042,
        "Bilinear": 0.9246165071237487,
        "Cubic": 0.9750289476542895,
        "4th": 0.992479070460703
    },
    "position_41": {
        "Linear": 0.8018052397465659,
        "Bilinear": 0.9126164388077975,
        "Cubic": 0.9691004766006196,
        "4th": 0.9902039595539828
    },
    "position_42": {
        "Linear": 0.8952384433349613,
        "Bilinear": 0.9799652470788843,
        "Cubic": 0.9964248986998354,
        "4th": 0.9992928328254715
    },
    "position_43": {
        "Linear": 0.9107064363022319,
        "Bilinear": 0.9896780193894554,
        "Cubic": 0.9986526613601867,
        "4th": 0.9997629431859112
    },
    "position_44": {
        "Linear": 0.8731978628892577,
        "Bilinear": 0.9612661769521587,
        "Cubic": 0.9907582768894565,