{
    "position_1": {
        "Linear": -0.5687751127682956,
        "Quadratic": 0.8048421761635783,
        "Cubic": 0.9439225049401588,
        "Quartic": 0.9621831775441309
    },
    "position_2": {
        "Linear": 0.7815511888680565,
        "Quadratic": 0.9976841670091354,
        "Cubic": 0.9978963752446347,
        "Quartic": 0.9988687435080371
    },
    "position_3": {
        "Linear": 0.8129877076250956,
        "Quadratic": 0.9999962895088544,
        "Cubic": 0.9999998925479091,
        "Quartic": 0.9999999870842641
    },
    "position_4": {
        "Linear": -2.9027413717168713,
        "Quadratic": 0.9932155822406077,
        "Cubic": 0.9989008124474538,
        "Quartic": 0.9995092883873278
    },
    "position_5": {
        "Linear": 0.08410857047449227,
        "Quadratic": 0.9982998318087176,
        "Cubic": 0.9999925115373927,
        "Quartic": 0.9999999755220861
    },
    "position_6": {
        "Linear": 0.6100493311756453,
        "Quadratic": 0.9998264807779464,
        "Cubic": 0.9999996191137941,
        "Quartic": 0.9999999946005185
    },
    "position_7": {
        "Linear": 0.6785007923689635,
        "Quadratic": 0.999894192777926,
        "Cubic": 0.9999997632371528,
        "Quartic": 0.9999999891389898
    },
    "position_8": {
        "Linear": 0.06123191368942449,
        "Quadratic": 0.9981512881704416,
        "Cubic": 0.9999915848981304,
        "Quartic": 0.9999999620934846
    },
    "position_9": {
        "Linear": 0.36458661544745186,
        "Quadratic": 0.9993315088681686,
        "Cubic": 0.9999975806266816,
        "Quartic": 0.9999999922197772
    },
    "position_10": {
        "Linear": 0.8090855756921752,
        "Quadratic": 0.9999603413852326,
        "Cubic": 0.9999992574066773,
        "Quartic": 0.9999999942556249
    },
    "position_11": {
        "Linear": 0.6327957993887352,
        "Quadratic": 0.9998483804729126,
        "Cubic": 0.9999995685809195,
        "Quartic": 0.9999999929217754
    },
    "position_12": {
        "Linear": 0.7456647598157545,
        "Quadratic": 0.9999790448296425,
        "Cubic": 0.9999998983460076,
        "Quartic": 0.9999999894391985
    },
    "position_13": {
        "Linear": 0.8056803156072165,
        "Quadratic": 0.9999963575603505,
        "Cubic": 0.999999891268692,
        "Quartic": 0.9999999876601707
    },
    "position_14": {
        "Linear": 0.8229128998259736,
        "Quadratic": 0.9999975604640329,
        "Cubic": 0.9999998759334692,
        "Quartic": 0.9999999919608555
    },
    "position_15": {
        "Linear": 0.7010957701198914,
        "Quadratic": 0.9999277007876748,
        "Cubic": 0.9999998211557141,
        "Quartic": 0.9999999857542149
    },
    "position_16": {
        "Linear": 0.39766529545667706,
        "Quadratic": 0.9993711283720594,
        "Cubic": 0.9999984637816167,
        "Quartic": 0.9999999862147013
    },
    "position_17": {
        "Linear": 0.35749868488267666,
        "Quadratic": 0.9992630759874788,
        "Cubic": 0.9999979560147503,
        "Quartic": 0.9999999895645914
    },
    "position_18": {
        "Linear": 0.08580173241884625,
        "Quadratic": 0.9983250672568018,
        "Cubic": 0.9999923258609826,
        "Quartic": 0.999999973099707
    },
    "position_19": {
        "Linear": 0.7880936339488785,
        "Quadratic": 0.9999466679733049,
        "Cubic": 0.999996846761613,
        "Quartic": 0.9999998979730365
    },
    "position_20": {
        "Linear": 0.4749188374271228,
        "Quadratic": 0.9995502617743328,
        "Cubic": 0.9999989869454147,
        "Quartic": 0.999999987364398
    },
    "position_21": {
        "Linear": -1.9192780997671774,
        "Quadratic": 0.9917700594318264,
        "Cubic": 0.9998655856866555,
        "Quartic": 0.99999686093086
    },
    "position_22": {
        "Linear": 0.3788872566807846,
        "Quadratic": 0.9993907001066535,
        "Cubic": 0.9999985283673317,
        "Quartic": 0.9999999948723469
    },
    "position_23": {
        "Linear": 0.12425100224877228,
        "Quadratic": 0.9985686949382163,
        "Cubic": 0.9999953478759178,
        "Quartic": 0.9999999864256693
    },
    "position_24": {
        "Linear": 0.820131749895628,
        "Quadratic": 0.9999951574335544,
        "Cubic": 0.9999998935980534,
        "Quartic": 0.9999999887637576
    },
    "position_25": {
        "Linear": 0.5535809427200068,
        "Quadratic": 0.9997064372809276,
        "Cubic": 0.999999371456442,
        "Quartic": 0.999999991517513
    },
    "position_26": {
        "Linear": 0.8622641368205954,
        "Quadratic": 0.9485910080283715,
        "Cubic": 0.9842470178492752,
        "Quartic": 0.9885263549690262
    },
    "position_27": {
        "Linear": -0.02387097289822382,
        "Quadratic": 0.998235393690551,
        "Cubic": 0.9999849332906774,
        "Quartic": 0.9999999295251905
    },
    "position_28": {
        "Linear": -1.8501675947705993,
        "Quadratic": 0.9884321777877023,
        "Cubic": 0.9967553104652567,
        "Quartic": 0.9974926565652485
    },
    "position_29": {
        "Linear": 0.8288339759478522,
        "Quadratic": 0.9999968196185117,
        "Cubic": 0.9999998718508446,
        "Quartic": 0.9999999927170853
    },
    "position_30": {
        "Linear": -0.9119997705436989,
        "Quadratic": 0.9954565427331273,
        "Cubic": 0.9999289966427826,
        "Quartic": 0.9999983274066626
    },
    "position_31": {
        "Linear": 0.701046656608045,
        "Quadratic": 0.9999254429107232,
        "Cubic": 0.9999998174980305,
        "Quartic": 0.9999999877571427
    },
    "position_32": {
        "Linear": 0.8119458043696292,
        "Quadratic": 0.9999950706191825,
        "Cubic": 0.9999998251331115,
        "Quartic": 0.9999999924241493
    },
    "position_33": {
        "Linear": 0.7923887118128319,
        "Quadratic": 0.9996083094152651,
        "Cubic": 0.9999663545478904,
        "Quartic": 0.9999961437781882
    },
    "position_34": {
        "Linear": 0.7934864943001678,
        "Quadratic": 0.999986146739307,
        "Cubic": 0.9999995655834798,
        "Quartic": 0.9999999959551088
    },
    "position_35": {
        "Linear": 0.48510309632134196,
        "Quadratic": 0.9996583165431572,
        "Cubic": 0.9999982331620672,
        "Quartic": 0.9999999929610106
    },
    "position_36": {
        "Linear": 0.6301157000438347,
        "Quadratic": 0.999819263085388,
        "Cubic": 0.9999995575377323,
        "Quartic": 0.999999989860348
    },
    "position_37": {
        "Linear": 0.8244642602713291,
        "Quadratic": 0.9999823974791211,
        "Cubic": 0.9999997148180833,
        "Quartic": 0.9999999965903814
    },
    "position_38": {
        "Linear": 0.38804838226628335,
        "Quadratic": 0.9995632301158587,
        "Cubic": 0.9999977090719466,
        "Quartic": 0.9999999924859397
    },
    "position_39": {
        "Linear": 0.10338748345511628,
        "Quadratic": 0.9984111943363412,
        "Cubic": 0.9999942585044591,
        "Quartic": 0.9999999796034148
    },
    "position_40": {
        "Linear": 0.6065079051986494,
        "Quadratic": 0.9997776776155783,
        "Cubic": 0.999999477079787,
        "Quartic": 0.9999999892827242
    },
    "position_41": {
        "Linear": 0.8296476821058159,
        "Quadratic": 0.9999899691338274,
        "Cubic": 0.9999998212045449,
        "Quartic": 0.9999999951156328
    },
    "position_42": {
        "Linear": 0.812599378154578,
        "Quadratic": 0.9999944312270805,
        "Cubic": 0.9999998226444009,
        "Quartic": 0.9999999949773498
    },
    "position_43": {
        "Linear": 0.35749868488267666,
        "Quadratic": 0.9992630759874788,