{
    "position_26": {
        "Linear": 0.8622641368205954,
        "Quadratic": 0.9485910080283715,
        "Cubic": 0.9842470178492752,
        "Quartic": 0.9885263549690262
    },
    "position_83": {
        "Linear": 0.8588279379773965,
        "Quadratic": 0.9473505192508055,
        "Cubic": 0.983936556073059,
        "Quartic": 0.988347384565862
    },
    "position_94": {
        "Linear": 0.8499442033120602,
        "Quadratic": 0.9411208664652259,
        "Cubic": 0.9819708883588966,
        "Quartic": 0.9875138521582772
    },
    "position_90": {
        "Linear": 0.8309171180470276,
        "Quadratic": 0.9999964581383557,
        "Cubic": 0.9999998796273913,
        "Quartic": 0.9999999908861248
    },
    "position_41": {
        "Linear": 0.8296476821058159,
        "Quadratic": 0.9999899691338274,
        "Cubic": 0.9999998212045449,
        "Quartic": 0.9999999951156328
    },
    "position_29": {
        "Linear": 0.8288339759478522,
        "Quadratic": 0.9999968196185117,
        "Cubic": 0.9999998718508446,
        "Quartic": 0.9999999927170853
    },
    "position_86": {
        "Linear": 0.8272398175604202,
        "Quadratic": 0.9999969559431149,
        "Cubic": 0.9999998596159811,
        "Quartic": 0.9999999932565536
    },
    "position_54": {
        "Linear": 0.8261450507846573,
        "Quadratic": 0.9999986465166996,
        "Cubic": 0.9999998892632308,
        "Quartic": 0.9999999894555164
    },
    "position_37": {
        "Linear": 0.8244642602713291,
        "Quadratic": 0.9999823974791211,
        "Cubic": 0.9999997148180833,
        "Quartic": 0.9999999965903814
    },
    "position_96": {
        "Linear": 0.8236677596958943,
        "Quadratic": 0.9999983241691758,
        "Cubic": 0.999999896913104,
        "Quartic": 0.9999999878934617
    },
    "position_14": {
        "Linear": 0.8229128998259736,
        "Quadratic": 0.9999975604640329,
        "Cubic": 0.9999998759334692,
        "Quartic": 0.9999999919608555
    },
    "position_74": {
        "Linear": 0.822100805961983,
        "Quadratic": 0.9999981191151553,
        "Cubic": 0.9999999028541902,
        "Quartic": 0.9999999886536349
    },
    "position_64": {
        "Linear": 0.8211602879997255,
        "Quadratic": 0.9999839966159525,
        "Cubic": 0.9999997251052468,
        "Quartic": 0.9999999964174795
    },
    "position_24": {
        "Linear": 0.820131749895628,
        "Quadratic": 0.9999951574335544,
        "Cubic": 0.9999998935980534,
        "Quartic": 0.9999999887637576
    },
    "position_68": {
        "Linear": 0.8190688942407646,
        "Quadratic": 0.9999937566309091,
        "Cubic": 0.999999822954713,
        "Quartic": 0.9999999926627072
    },
    "position_44": {
        "Linear": 0.8181963539257278,
        "Quadratic": 0.9999980353585506,
        "Cubic": 0.9999998732306898,
        "Quartic": 0.9999999918689217
    },
    "position_95": {
        "Linear": 0.8168048272480908,
        "Quadratic": 0.9999864435369116,
        "Cubic": 0.999999750604,
        "Quartic": 0.9999999953750978
    },
    "position_79": {
        "Linear": 0.816460694220156,
        "Quadratic": 0.9999874538278729,
        "Cubic": 0.9999997152479883,
        "Quartic": 0.9999999955140606
    },
    "position_89": {
        "Linear": 0.8164598025337525,
        "Quadratic": 0.9999942098579505,
        "Cubic": 0.9999998405062682,
        "Quartic": 0.9999999927784639
    },
    "position_50": {
        "Linear": 0.8158190814611971,
        "Quadratic": 0.999996517998597,
        "Cubic": 0.9999998663084284,
        "Quartic": 0.9999999920904692
    },
    "position_49": {
        "Linear": 0.8135325946941461,
        "Quadratic": 0.9999819274122627,
        "Cubic": 0.9999994060043468,
        "Quartic": 0.9999999943609605
    },
    "position_3": {
        "Linear": 0.8129877076250956,
        "Quadratic": 0.9999962895088544,
        "Cubic": 0.9999998925479091,
        "Quartic": 0.9999999870842641
    },
    "position_42": {
        "Linear": 0.812599378154578,
        "Quadratic": 0.9999944312270805,
        "Cubic": 0.9999998226444009,
        "Quartic": 0.9999999949773498
    },
    "position_32": {
        "Linear": 0.8119458043696292,
        "Quadratic": 0.9999950706191825,
        "Cubic": 0.9999998251331115,
        "Quartic": 0.9999999924241493
    },
    "position_75": {
        "Linear": 0.8102917670622108,
        "Quadratic": 0.999995058218112,
        "Cubic": 0.9999997818723397,
        "Quartic": 0.9999999952732515
    },
    "position_62": {
        "Linear": 0.8091557568451151,
        "Quadratic": 0.9999809470736062,
        "Cubic": 0.9999995940745244,
        "Quartic": 0.9999999960637616
    },
    "position_10": {
        "Linear": 0.8090855756921752,
        "Quadratic": 0.9999603413852326,
        "Cubic": 0.9999992574066773,
        "Quartic": 0.9999999942556249
    },
    "position_81": {
        "Linear": 0.8089954555266308,
        "Quadratic": 0.9999931425875397,
        "Cubic": 0.9999997738607044,
        "Quartic": 0.9999999939652409
    },
    "position_97": {
        "Linear": 0.8073981752218187,
        "Quadratic": 0.9998554100366763,
        "Cubic": 0.9999946573893487,
        "Quartic": 0.9999997807874486
    },
    "position_82": {
        "Linear": 0.8072707975806812,
        "Quadratic": 0.9999757155830431,
        "Cubic": 0.9999995321657713,
        "Quartic": 0.9999999959204623
    },
    "position_85": {
        "Linear": 0.8066827871941381,
        "Quadratic": 0.9999403697678099,
        "Cubic": 0.9999988878551102,
        "Quartic": 0.9999999894994617
    },
    "position_13": {
        "Linear": 0.8056803156072165,
        "Quadratic": 0.9999963575603505,
        "Cubic": 0.999999891268692,
        "Quartic": 0.9999999876601707
    },
    "position_69": {
        "Linear": 0.8042707193076024,
        "Quadratic": 0.9999504411839181,
        "Cubic": 0.999998860992517,
        "Quartic": 0.9999999878216057
    },
    "position_98": {
        "Linear": 0.8040354029156521,
        "Quadratic": 0.9999803432136934,
        "Cubic": 0.9999993654578586,
        "Quartic": 0.9999999939858114
    },
    "position_65": {
        "Linear": 0.803182706770603,
        "Quadratic": 0.9999961260174202,
        "Cubic": 0.9999998442095034,
        "Quartic": 0.9999999903594972
    },
    "position_73": {
        "Linear": 0.8007904314497141,
        "Quadratic": 0.9999949294701258,
        "Cubic": 0.9999998002526235,
        "Quartic": 0.999999994014233
    },
    "position_87": {
        "Linear": 0.7979829216062608,
        "Quadratic": 0.9997924180166519,
        "Cubic": 0.9999895151219113,
        "Quartic": 0.9999993760199694
    },
    "position_71": {
        "Linear": 0.795677124128598,
        "Quadratic": 0.9997931049637849,
        "Cubic": 0.999982630843474,
        "Quartic": 0.9999984625414846
    },
    "position_72": {
        "Linear": 0.7946274747567361,
        "Quadratic": 0.9999712772724881,
        "Cubic": 0.9999988407159421,
        "Quartic": 0.999999983299915
    },
    "position_88": {
        "Linear": 0.7939154607460777,
        "Quadratic": 0.9999059900420598,
        "Cubic": 0.9999966064723418,
        "Quartic": 0.9999999027371979
    },
    "position_34": {
        "Linear": 0.7934864943001678,
        "Quadratic": 0.999986146739307,
        "Cubic": 0.9999995655834798,
        "Quartic": 0.9999999959551088
    },
    "position_76": {
        "Linear": 0.7927027224197523,
        "Quadratic": 0.9999298443593011,
        "Cubic": 0.9999984052929003,
        "Quartic": 0.9999999831923616
    },
    "position_61": {
        "Linear": 0.792611677778535,
        "Quadratic": 0.999929396032559,