{
    "position_1": {
        "Linear": 0.9961474680646906,
        "Quadratic": 0.9999843389127383,
        "Cubic": 0.9999938215521392,
        "Quartic": 0.9999970988221158
    },
    "position_2": {
        "Linear": 0.9976388197902188,
        "Quadratic": 0.999986958065891,
        "Cubic": 0.9999953942123004,
        "Quartic": 0.9999979026693298
    },
    "position_3": {
        "Linear": 0.9970407102034112,
        "Quadratic": 0.9999844491239401,
        "Cubic": 0.9999944425195056,
        "Quartic": 0.9999975721247364
    },
    "position_4": {
        "Linear": 0.9973940134431659,
        "Quadratic": 0.99998583940429,
        "Cubic": 0.9999945702332621,
        "Quartic": 0.9999971783596566
    },
    "position_5": {
        "Linear": 0.9959137346312508,
        "Quadratic": 0.9999755788046137,
        "Cubic": 0.999996738505438,
        "Quartic": 0.9999997393950694
    },
    "position_6": {
        "Linear": 0.9975952570218616,
        "Quadratic": 0.9999809067322961,
        "Cubic": 0.9999948418628447,
        "Quartic": 0.9999983277361691
    },
    "position_7": {
        "Linear": 0.9910772773714841,
        "Quadratic": 0.9999705357334919,
        "Cubic": 0.9999897426905282,
        "Quartic": 0.9999957826181106
    },
    "position_8": {
        "Linear": 0.9977016481394089,
        "Quadratic": 0.9999869473531703,
        "Cubic": 0.9999950273398015,
        "Quartic": 0.9999977184102272
    },
    "position_9": {
        "Linear": 0.9926960170607233,
        "Quadratic": 0.9999791467580506,
        "Cubic": 0.999991189441884,
        "Quartic": 0.9999960487625517
    },
    "position_10": {
        "Linear": 0.9974631188238984,
        "Quadratic": 0.9999798603553861,
        "Cubic": 0.9999950933065314,
        "Quartic": 0.999998290277793
    },
    "position_11": {
        "Linear": 0.9976899823551222,
        "Quadratic": 0.9999873984420401,
        "Cubic": 0.9999952617702984,
        "Quartic": 0.9999978287007235
    },
    "position_12": {
        "Linear": 0.994408246017884,
        "Quadratic": 0.9999826383738285,
        "Cubic": 0.9999928960266037,
        "Quartic": 0.9999972030341261
    },
    "position_13": {
        "Linear": 0.996654504437535,
        "Quadratic": 0.99998403138256,
        "Cubic": 0.999994349464405,
        "Quartic": 0.9999969017288237
    },
    "position_14": {
        "Linear": 0.9930713674060107,
        "Quadratic": 0.99997952154043,
        "Cubic": 0.9999912591834477,
        "Quartic": 0.9999959795662839
    },
    "position_15": {
        "Linear": 0.9976017821768574,
        "Quadratic": 0.9999861705933901,
        "Cubic": 0.9999947182812993,
        "Quartic": 0.9999971111030128
    },
    "position_16": {
        "Linear": 0.9892837840561876,
        "Quadratic": 0.9999726654742191,
        "Cubic": 0.9999893557687132,
        "Quartic": 0.9999952255131394
    },
    "position_17": {
        "Linear": 0.9898367405724141,
        "Quadratic": 0.9999725380510032,
        "Cubic": 0.9999896257209739,
        "Quartic": 0.999995387304816
    },
    "position_18": {
        "Linear": 0.993366622575356,
        "Quadratic": 0.999980678359901,
        "Cubic": 0.9999915386669354,
        "Quartic": 0.9999959801510129
    },
    "position_19": {
        "Linear": 0.997451441042725,
        "Quadratic": 0.9999847682385787,
        "Cubic": 0.9999945418786327,
        "Quartic": 0.9999970554892716
    },
    "position_20": {
        "Linear": 0.9864061072879303,
        "Quadratic": 0.9999561765814212,
        "Cubic": 0.9999875184894579,
        "Quartic": 0.9999945683926345
    },
    "position_21": {
        "Linear": 0.9841767089203344,
        "Quadratic": 0.9999137734934577,
        "Cubic": 0.9999839949178058,
        "Quartic": 0.9999962856044674
    },
    "position_22": {
        "Linear": 0.9898713323818368,
        "Quadratic": 0.9999679982888054,
        "Cubic": 0.999989315889649,
        "Quartic": 0.999996337217978
    },
    "position_23": {
        "Linear": 0.9914203692415642,
        "Quadratic": 0.9999748996234608,
        "Cubic": 0.9999906091639257,
        "Quartic": 0.9999959118764308
    },
    "position_24": {
        "Linear": 0.9931634017629124,
        "Quadratic": 0.9999790596202052,
        "Cubic": 0.9999913483174873,
        "Quartic": 0.9999962395650465
    },
    "position_25": {
        "Linear": 0.9976445604278482,
        "Quadratic": 0.9999857261399805,
        "Cubic": 0.9999956928868218,
        "Quartic": 0.9999978417540676
    },
    "position_26": {
        "Linear": 0.9894447604202825,
        "Quadratic": 0.999971784208765,
        "Cubic": 0.9999894111889656,
        "Quartic": 0.9999953271874752
    },
    "position_27": {
        "Linear": 0.9973447255230049,
        "Quadratic": 0.999984179858318,
        "Cubic": 0.9999946270436836,
        "Quartic": 0.9999974372766889
    },
    "position_28": {
        "Linear": 0.9898713323818368,
        "Quadratic": 0.9999679982888054,
        "Cubic": 0.999989315889649,
        "Quartic": 0.999996337217978
    },
    "position_29": {
        "Linear": 0.9976932795256495,
        "Quadratic": 0.9999810870516914,
        "Cubic": 0.9999955082076737,
        "Quartic": 0.9999984127271832
    },
    "position_30": {
        "Linear": 0.9941060594852082,
        "Quadratic": 0.9999813747002251,
        "Cubic": 0.9999927049402906,
        "Quartic": 0.9999967422466817
    },
    "position_31": {
        "Linear": 0.9965521177108976,
        "Quadratic": 0.9999816142693325,
        "Cubic": 0.9999938296243895,
        "Quartic": 0.9999972558167536
    },
    "position_32": {
        "Linear": 0.9921082928075667,
        "Quadratic": 0.99997885997147,
        "Cubic": 0.9999908664738323,
        "Quartic": 0.9999958822692673
    },
    "position_33": {
        "Linear": 0.9978538842652696,
        "Quadratic": 0.9999837660771274,
        "Cubic": 0.9999949650725231,
        "Quartic": 0.9999976851771023
    },
    "position_34": {
        "Linear": 0.9908501534106942,
        "Quadratic": 0.999979678729314,
        "Cubic": 0.9999901143978368,
        "Quartic": 0.9999953302743457
    },
    "position_35": {
        "Linear": 0.9937106480330791,
        "Quadratic": 0.9999810513040942,
        "Cubic": 0.9999921519509694,
        "Quartic": 0.9999968031086622
    },
    "position_36": {
        "Linear": 0.9830737190237789,
        "Quadratic": 0.9999552355642315,
        "Cubic": 0.9999886287841537,
        "Quartic": 0.9999989789070276
    },
    "position_37": {
        "Linear": 0.9971629040627292,
        "Quadratic": 0.9999859754339538,
        "Cubic": 0.9999947956129882,
        "Quartic": 0.999997163166566
    },
    "position_38": {
        "Linear": 0.9940289641747927,
        "Quadratic": 0.9999815709934714,
        "Cubic": 0.9999922829794029,
        "Quartic": 0.9999963696239512
    },
    "position_39": {
        "Linear": 0.9924729116097277,
        "Quadratic": 0.9999787692916918,
        "Cubic": 0.999990946404516,
        "Quartic": 0.999995907474391
    },
    "position_40": {
        "Linear": 0.9915923630839125,
        "Quadratic": 0.9999785139360114,
        "Cubic": 0.9999908763438669,
        "Quartic": 0.9999960355883377
    },
    "position_41": {
        "Linear": 0.9951299831491816,
        "Quadratic": 0.9999822867658176,
        "Cubic": 0.9999960911024897,
        "Quartic": 0.999999392928983
    },
    "position_42": {
        "Linear": 0.996382088393958,
        "Quadratic": 0.9999831963115947,
        "Cubic": 0.9999940286672901,
        "Quartic": 0.9999973643410233
    },
    "position_43": {
        "Linear": 0.9933344264129265,
        "Quadratic": 0.9999799077541572,
        "Cubic": 0.9999916621899544,