{
    "position_77": {
        "Linear": 0.9980159307799501,
        "Quadratic": 0.9999806908220243,
        "Cubic": 0.9999958095700944,
        "Quartic": 0.999998730621109
    },
    "position_92": {
        "Linear": 0.9979251524960306,
        "Quadratic": 0.9999787859077969,
        "Cubic": 0.9999958254669826,
        "Quartic": 0.9999987519585385
    },
    "position_73": {
        "Linear": 0.9978872973952919,
        "Quadratic": 0.9999786152101667,
        "Cubic": 0.9999957085976607,
        "Quartic": 0.9999987115066994
    },
    "position_33": {
        "Linear": 0.9978538842652696,
        "Quadratic": 0.9999837660771274,
        "Cubic": 0.9999949650725231,
        "Quartic": 0.9999976851771023
    },
    "position_72": {
        "Linear": 0.9978531285562866,
        "Quadratic": 0.9999820968266271,
        "Cubic": 0.9999953469602633,
        "Quartic": 0.9999983235600622
    },
    "position_64": {
        "Linear": 0.997822543277431,
        "Quadratic": 0.9999777917587892,
        "Cubic": 0.999995515226097,
        "Quartic": 0.9999985993471903
    },
    "position_93": {
        "Linear": 0.9978200933465723,
        "Quadratic": 0.9999871524002454,
        "Cubic": 0.999995661931683,
        "Quartic": 0.9999978125748851
    },
    "position_91": {
        "Linear": 0.9978169597324328,
        "Quadratic": 0.9999831902841618,
        "Cubic": 0.9999950016096675,
        "Quartic": 0.9999977133157028
    },
    "position_66": {
        "Linear": 0.9978089128394708,
        "Quadratic": 0.9999844794374114,
        "Cubic": 0.99999519710178,
        "Quartic": 0.999997435904291
    },
    "position_79": {
        "Linear": 0.9978075514603175,
        "Quadratic": 0.9999831139717107,
        "Cubic": 0.9999949698162194,
        "Quartic": 0.9999981566673981
    },
    "position_85": {
        "Linear": 0.9978034015952337,
        "Quadratic": 0.9999838936753562,
        "Cubic": 0.9999950856043345,
        "Quartic": 0.9999979153474976
    },
    "position_87": {
        "Linear": 0.9977864486379799,
        "Quadratic": 0.9999798978067115,
        "Cubic": 0.9999953875976332,
        "Quartic": 0.9999978219223467
    },
    "position_75": {
        "Linear": 0.9977635947248787,
        "Quadratic": 0.9999868122605619,
        "Cubic": 0.999995865854385,
        "Quartic": 0.9999981054588889
    },
    "position_89": {
        "Linear": 0.9977605771133947,
        "Quadratic": 0.9999854449715413,
        "Cubic": 0.9999947164552124,
        "Quartic": 0.9999974156192579
    },
    "position_95": {
        "Linear": 0.9977583004679168,
        "Quadratic": 0.999986237453112,
        "Cubic": 0.9999952776588298,
        "Quartic": 0.9999979144492773
    },
    "position_78": {
        "Linear": 0.9977247696084608,
        "Quadratic": 0.9999830016262199,
        "Cubic": 0.9999950516068559,
        "Quartic": 0.999998191345258
    },
    "position_86": {
        "Linear": 0.9977185933402483,
        "Quadratic": 0.9999835908213628,
        "Cubic": 0.9999952385628585,
        "Quartic": 0.9999974674631077
    },
    "position_8": {
        "Linear": 0.9977016481394089,
        "Quadratic": 0.9999869473531703,
        "Cubic": 0.9999950273398015,
        "Quartic": 0.9999977184102272
    },
    "position_29": {
        "Linear": 0.9976932795256495,
        "Quadratic": 0.9999810870516914,
        "Cubic": 0.9999955082076737,
        "Quartic": 0.9999984127271832
    },
    "position_83": {
        "Linear": 0.9976916205411114,
        "Quadratic": 0.9999841343119497,
        "Cubic": 0.999995058960835,
        "Quartic": 0.99999780672788
    },
    "position_11": {
        "Linear": 0.9976899823551222,
        "Quadratic": 0.9999873984420401,
        "Cubic": 0.9999952617702984,
        "Quartic": 0.9999978287007235
    },
    "position_62": {
        "Linear": 0.9976738946406633,
        "Quadratic": 0.9999833789129309,
        "Cubic": 0.9999953252102717,
        "Quartic": 0.9999980935958572
    },
    "position_71": {
        "Linear": 0.9976685199701077,
        "Quadratic": 0.9999846935560717,
        "Cubic": 0.9999947406850228,
        "Quartic": 0.9999974418055977
    },
    "position_25": {
        "Linear": 0.9976445604278482,
        "Quadratic": 0.9999857261399805,
        "Cubic": 0.9999956928868218,
        "Quartic": 0.9999978417540676
    },
    "position_2": {
        "Linear": 0.9976388197902188,
        "Quadratic": 0.999986958065891,
        "Cubic": 0.9999953942123004,
        "Quartic": 0.9999979026693298
    },
    "position_15": {
        "Linear": 0.9976017821768574,
        "Quadratic": 0.9999861705933901,
        "Cubic": 0.9999947182812993,
        "Quartic": 0.9999971111030128
    },
    "position_6": {
        "Linear": 0.9975952570218616,
        "Quadratic": 0.9999809067322961,
        "Cubic": 0.9999948418628447,
        "Quartic": 0.9999983277361691
    },
    "position_99": {
        "Linear": 0.997567442112388,
        "Quadratic": 0.9999804427921284,
        "Cubic": 0.9999950981966893,
        "Quartic": 0.9999979503820735
    },
    "position_82": {
        "Linear": 0.9975651441349632,
        "Quadratic": 0.9999781827533404,
        "Cubic": 0.9999952126976734,
        "Quartic": 0.9999983460795842
    },
    "position_100": {
        "Linear": 0.9975453317175873,
        "Quadratic": 0.9999783631737668,
        "Cubic": 0.9999950455648503,
        "Quartic": 0.9999982390395973
    },
    "position_80": {
        "Linear": 0.9975397118681217,
        "Quadratic": 0.9999831506385549,
        "Cubic": 0.999995022852439,
        "Quartic": 0.999997822115478
    },
    "position_67": {
        "Linear": 0.9975333054337374,
        "Quadratic": 0.9999819173711599,
        "Cubic": 0.9999951826226118,
        "Quartic": 0.9999979031279024
    },
    "position_97": {
        "Linear": 0.9975271860235856,
        "Quadratic": 0.9999735386487536,
        "Cubic": 0.9999976410934703,
        "Quartic": 0.9999996863860589
    },
    "position_81": {
        "Linear": 0.9974688684168744,
        "Quadratic": 0.9999758143114356,
        "Cubic": 0.9999951625718947,
        "Quartic": 0.9999977179396624
    },
    "position_10": {
        "Linear": 0.9974631188238984,
        "Quadratic": 0.9999798603553861,
        "Cubic": 0.9999950933065314,
        "Quartic": 0.999998290277793
    },
    "position_84": {
        "Linear": 0.997456338932769,
        "Quadratic": 0.9999822372154447,
        "Cubic": 0.9999946746196976,
        "Quartic": 0.9999975464257236
    },
    "position_19": {
        "Linear": 0.997451441042725,
        "Quadratic": 0.9999847682385787,
        "Cubic": 0.9999945418786327,
        "Quartic": 0.9999970554892716
    },
    "position_96": {
        "Linear": 0.9974476066788781,
        "Quadratic": 0.9999800900313992,
        "Cubic": 0.9999945556227907,
        "Quartic": 0.999997630090691
    },
    "position_44": {
        "Linear": 0.9974367086017223,
        "Quadratic": 0.999981769267438,
        "Cubic": 0.9999947857048076,
        "Quartic": 0.999997543863882
    },
    "position_51": {
        "Linear": 0.9974276838619727,
        "Quadratic": 0.9999844790112479,
        "Cubic": 0.9999954074781923,
        "Quartic": 0.9999976989656436
    },
    "position_94": {
        "Linear": 0.9974108518344871,
        "Quadratic": 0.9999857729403563,
        "Cubic": 0.9999952058485665,
        "Quartic": 0.9999978889629221
    },
    "position_90": {
        "Linear": 0.9974085375079204,
        "Quadratic": 0.9999806494433369,
        "Cubic": 0.9999950766953849,
        "Quartic": 0.9999975436097701
    },
    "position_60": {
        "Linear": 0.9974079769223817,
        "Quadratic": 0.9999816010773028,