{
    "position_1": {
        "Linear": 0.9771201945459299,
        "Quadratic": 0.9999969474546047,
        "Cubic": 0.9999999995824713,
        "Quartic": 0.9999999999993212
    },
    "position_2": {
        "Linear": 0.987999176140007,
        "Quadratic": 0.9999996851506927,
        "Cubic": 0.9999999997657734,
        "Quartic": 0.9999999999995516
    },
    "position_3": {
        "Linear": 0.9865879036480738,
        "Quadratic": 0.9999991886052687,
        "Cubic": 0.9999999995572703,
        "Quartic": 0.99999999999852
    },
    "position_4": {
        "Linear": 0.9860017532409532,
        "Quadratic": 0.9999993361712485,
        "Cubic": 0.9999999998161885,
        "Quartic": 0.9999999999996861
    },
    "position_5": {
        "Linear": 0.982498962822712,
        "Quadratic": 0.9999972399950673,
        "Cubic": 0.9999999978874056,
        "Quartic": 0.9999999999844736
    },
    "position_6": {
        "Linear": 0.9881375588286463,
        "Quadratic": 0.9999996578002543,
        "Cubic": 0.9999999995434804,
        "Quartic": 0.9999999999990904
    },
    "position_7": {
        "Linear": 0.9374521737462993,
        "Quadratic": 0.9999462411625268,
        "Cubic": 0.999999954465318,
        "Quartic": 0.9999999999565644
    },
    "position_8": {
        "Linear": 0.9875364730471197,
        "Quadratic": 0.9999994492063742,
        "Cubic": 0.9999999997901267,
        "Quartic": 0.9999999999995821
    },
    "position_9": {
        "Linear": 0.9623677327465398,
        "Quadratic": 0.9999806743740899,
        "Cubic": 0.9999999921358725,
        "Quartic": 0.9999999999871685
    },
    "position_10": {
        "Linear": 0.9889202973266036,
        "Quadratic": 0.9999994733232591,
        "Cubic": 0.999999999173181,
        "Quartic": 0.999999999996647
    },
    "position_11": {
        "Linear": 0.9872704069769488,
        "Quadratic": 0.9999995525863772,
        "Cubic": 0.9999999998349899,
        "Quartic": 0.9999999999997214
    },
    "position_12": {
        "Linear": 0.9714762084692193,
        "Quadratic": 0.9999929334609126,
        "Cubic": 0.9999999991032692,
        "Quartic": 0.9999999999962383
    },
    "position_13": {
        "Linear": 0.9828369804095397,
        "Quadratic": 0.9999983630801285,
        "Cubic": 0.9999999995739006,
        "Quartic": 0.999999999998631
    },
    "position_14": {
        "Linear": 0.9621647641814264,
        "Quadratic": 0.9999851359464421,
        "Cubic": 0.9999999956263993,
        "Quartic": 0.9999999999952938
    },
    "position_15": {
        "Linear": 0.9871365631202691,
        "Quadratic": 0.9999995716034882,
        "Cubic": 0.9999999998501619,
        "Quartic": 0.9999999999997645
    },
    "position_16": {
        "Linear": 0.9195833949234768,
        "Quadratic": 0.9999168756070551,
        "Cubic": 0.9999999314020052,
        "Quartic": 0.9999999999557545
    },
    "position_17": {
        "Linear": 0.9402451206073931,
        "Quadratic": 0.9999581361796416,
        "Cubic": 0.999999978141945,
        "Quartic": 0.9999999999873013
    },
    "position_18": {
        "Linear": 0.9600153672689592,
        "Quadratic": 0.9999835175328217,
        "Cubic": 0.9999999965228834,
        "Quartic": 0.9999999999947616
    },
    "position_19": {
        "Linear": 0.9859008048458079,
        "Quadratic": 0.9999994012002975,
        "Cubic": 0.9999999997696155,
        "Quartic": 0.9999999999995458
    },
    "position_20": {
        "Linear": 0.8973050371718002,
        "Quadratic": 0.999859519343863,
        "Cubic": 0.9999998314835694,
        "Quartic": 0.9999999998524441
    },
    "position_21": {
        "Linear": 0.8604204516507569,
        "Quadratic": 0.9997446318061105,
        "Cubic": 0.9999995570186935,
        "Quartic": 0.9999999994007803
    },
    "position_22": {
        "Linear": 0.9273014376231399,
        "Quadratic": 0.9999273734534224,
        "Cubic": 0.9999999340537775,
        "Quartic": 0.9999999999440078
    },
    "position_23": {
        "Linear": 0.9452620448804631,
        "Quadratic": 0.9999647836074106,
        "Cubic": 0.9999999824953423,
        "Quartic": 0.9999999999895627
    },
    "position_24": {
        "Linear": 0.9589470672537528,
        "Quadratic": 0.9999819832930051,
        "Cubic": 0.999999993496275,
        "Quartic": 0.9999999999951724
    },
    "position_25": {
        "Linear": 0.9896539931187371,
        "Quadratic": 0.9999997754893619,
        "Cubic": 0.9999999993619741,
        "Quartic": 0.9999999999986531
    },
    "position_26": {
        "Linear": 0.9376727647905119,
        "Quadratic": 0.999955015726307,
        "Cubic": 0.9999999770161999,
        "Quartic": 0.9999999999880516
    },
    "position_27": {
        "Linear": 0.9857416939476387,
        "Quadratic": 0.9999993120718387,
        "Cubic": 0.9999999997462362,
        "Quartic": 0.9999999999994472
    },
    "position_28": {
        "Linear": 0.9273014376231399,
        "Quadratic": 0.9999273734534224,
        "Cubic": 0.9999999340537775,
        "Quartic": 0.9999999999440078
    },
    "position_29": {
        "Linear": 0.9887642580764735,
        "Quadratic": 0.9999994990993869,
        "Cubic": 0.9999999992222383,
        "Quartic": 0.9999999999969893
    },
    "position_30": {
        "Linear": 0.9736815258547115,
        "Quadratic": 0.9999928368909294,
        "Cubic": 0.9999999987166235,
        "Quartic": 0.9999999999931
    },
    "position_31": {
        "Linear": 0.9832128344039411,
        "Quadratic": 0.9999986580654001,
        "Cubic": 0.999999999611786,
        "Quartic": 0.9999999999988551
    },
    "position_32": {
        "Linear": 0.9592487299378054,
        "Quadratic": 0.9999786710239933,
        "Cubic": 0.9999999918982656,
        "Quartic": 0.9999999999900596
    },
    "position_33": {
        "Linear": 0.9891466317593178,
        "Quadratic": 0.9999997090043143,
        "Cubic": 0.9999999997212026,
        "Quartic": 0.9999999999993756
    },
    "position_34": {
        "Linear": 0.9406025291173727,
        "Quadratic": 0.999957881368246,
        "Cubic": 0.9999999798766823,
        "Quartic": 0.999999999990212
    },
    "position_35": {
        "Linear": 0.9679307627760545,
        "Quadratic": 0.9999901892631019,
        "Cubic": 0.9999999985329489,
        "Quartic": 0.9999999999962398
    },
    "position_36": {
        "Linear": 0.8749081497522857,
        "Quadratic": 0.9997768191445378,
        "Cubic": 0.9999996254477975,
        "Quartic": 0.9999999995929825
    },
    "position_37": {
        "Linear": 0.9856606048284041,
        "Quadratic": 0.9999994466786708,
        "Cubic": 0.9999999997863693,
        "Quartic": 0.9999999999996065
    },
    "position_38": {
        "Linear": 0.9651818369220672,
        "Quadratic": 0.9999886248495793,
        "Cubic": 0.9999999972838116,
        "Quartic": 0.9999999999974019
    },
    "position_39": {
        "Linear": 0.9582264126816867,
        "Quadratic": 0.9999817621554684,
        "Cubic": 0.9999999947333316,
        "Quartic": 0.9999999999948755
    },
    "position_40": {
        "Linear": 0.9575139968913443,
        "Quadratic": 0.9999784402238582,
        "Cubic": 0.999999993302505,
        "Quartic": 0.9999999999928469
    },
    "position_41": {
        "Linear": 0.9736815258547115,
        "Quadratic": 0.9999928368909294,
        "Cubic": 0.9999999987166235,
        "Quartic": 0.9999999999931
    },
    "position_42": {
        "Linear": 0.9818781440549097,
        "Quadratic": 0.9999984569805025,
        "Cubic": 0.9999999996458068,
        "Quartic": 0.9999999999990166
    },
    "position_43": {
        "Linear": 0.9600305223002549,
        "Quadratic": 0.9999824575768901,