{
    "position_64": {
        "Linear": 0.9913715564480124,
        "Quadratic": 0.9999997660777401,
        "Cubic": 0.999999999100069,
        "Quartic": 0.9999999999985694
    },
    "position_92": {
        "Linear": 0.9908791124564549,
        "Quadratic": 0.9999997709523135,
        "Cubic": 0.9999999990676456,
        "Quartic": 0.9999999999980035
    },
    "position_97": {
        "Linear": 0.9907615664262123,
        "Quadratic": 0.9999995778340981,
        "Cubic": 0.9999999968455945,
        "Quartic": 0.9999999999916372
    },
    "position_73": {
        "Linear": 0.9906788186790731,
        "Quadratic": 0.9999997855745645,
        "Cubic": 0.9999999991627951,
        "Quartic": 0.999999999998176
    },
    "position_81": {
        "Linear": 0.9904489059177851,
        "Quadratic": 0.9999996627031263,
        "Cubic": 0.9999999983724086,
        "Quartic": 0.9999999999948979
    },
    "position_69": {
        "Linear": 0.9904471461780626,
        "Quadratic": 0.9999996498664265,
        "Cubic": 0.9999999980937587,
        "Quartic": 0.9999999999946992
    },
    "position_77": {
        "Linear": 0.9903344080736871,
        "Quadratic": 0.9999998018804309,
        "Cubic": 0.9999999993828671,
        "Quartic": 0.9999999999987311
    },
    "position_82": {
        "Linear": 0.9901901683332365,
        "Quadratic": 0.9999996914302037,
        "Cubic": 0.9999999987653003,
        "Quartic": 0.9999999999966074
    },
    "position_87": {
        "Linear": 0.9900968401944933,
        "Quadratic": 0.9999997976871037,
        "Cubic": 0.9999999992719354,
        "Quartic": 0.9999999999985296
    },
    "position_67": {
        "Linear": 0.9900914547561781,
        "Quadratic": 0.9999997492225652,
        "Cubic": 0.9999999988814547,
        "Quartic": 0.9999999999973803
    },
    "position_76": {
        "Linear": 0.9897100027399302,
        "Quadratic": 0.9999997410764453,
        "Cubic": 0.9999999991962158,
        "Quartic": 0.9999999999981974
    },
    "position_90": {
        "Linear": 0.9896753802026709,
        "Quadratic": 0.9999996661475669,
        "Cubic": 0.9999999991262394,
        "Quartic": 0.9999999999974714
    },
    "position_99": {
        "Linear": 0.9896549429751346,
        "Quadratic": 0.999999690205563,
        "Cubic": 0.9999999991229818,
        "Quartic": 0.9999999999977962
    },
    "position_25": {
        "Linear": 0.9896539931187371,
        "Quadratic": 0.9999997754893619,
        "Cubic": 0.9999999993619741,
        "Quartic": 0.9999999999986531
    },
    "position_86": {
        "Linear": 0.9896079411855505,
        "Quadratic": 0.9999997825263756,
        "Cubic": 0.9999999995019453,
        "Quartic": 0.9999999999988486
    },
    "position_85": {
        "Linear": 0.9895140687634293,
        "Quadratic": 0.9999997975493059,
        "Cubic": 0.9999999996750898,
        "Quartic": 0.9999999999993024
    },
    "position_96": {
        "Linear": 0.9894971285535211,
        "Quadratic": 0.999999778663144,
        "Cubic": 0.9999999994999936,
        "Quartic": 0.999999999998931
    },
    "position_75": {
        "Linear": 0.9894403864498985,
        "Quadratic": 0.9999998144433203,
        "Cubic": 0.9999999995911998,
        "Quartic": 0.9999999999993073
    },
    "position_51": {
        "Linear": 0.989408578192606,
        "Quadratic": 0.9999997162023617,
        "Cubic": 0.9999999991014042,
        "Quartic": 0.9999999999976769
    },
    "position_66": {
        "Linear": 0.9891592980664068,
        "Quadratic": 0.9999998290285456,
        "Cubic": 0.999999999739282,
        "Quartic": 0.9999999999994984
    },
    "position_33": {
        "Linear": 0.9891466317593178,
        "Quadratic": 0.9999997090043143,
        "Cubic": 0.9999999997212026,
        "Quartic": 0.9999999999993756
    },
    "position_100": {
        "Linear": 0.9891298899251735,
        "Quadratic": 0.9999996195984895,
        "Cubic": 0.9999999990239224,
        "Quartic": 0.9999999999965806
    },
    "position_71": {
        "Linear": 0.9890955523939768,
        "Quadratic": 0.9999997176745157,
        "Cubic": 0.9999999997485568,
        "Quartic": 0.9999999999994216
    },
    "position_95": {
        "Linear": 0.9890788881957431,
        "Quadratic": 0.9999997785871633,
        "Cubic": 0.9999999997827345,
        "Quartic": 0.9999999999995801
    },
    "position_93": {
        "Linear": 0.9890322590892348,
        "Quadratic": 0.999999803203502,
        "Cubic": 0.9999999997818653,
        "Quartic": 0.9999999999996136
    },
    "position_80": {
        "Linear": 0.9889631609043145,
        "Quadratic": 0.9999995377605385,
        "Cubic": 0.9999999993968839,
        "Quartic": 0.9999999999977968
    },
    "position_10": {
        "Linear": 0.9889202973266036,
        "Quadratic": 0.9999994733232591,
        "Cubic": 0.999999999173181,
        "Quartic": 0.999999999996647
    },
    "position_70": {
        "Linear": 0.9888832560105654,
        "Quadratic": 0.999999561202402,
        "Cubic": 0.9999999992030806,
        "Quartic": 0.9999999999973065
    },
    "position_44": {
        "Linear": 0.9888576648627261,
        "Quadratic": 0.9999996293890238,
        "Cubic": 0.9999999994498938,
        "Quartic": 0.9999999999983918
    },
    "position_29": {
        "Linear": 0.9887642580764735,
        "Quadratic": 0.9999994990993869,
        "Cubic": 0.9999999992222383,
        "Quartic": 0.9999999999969893
    },
    "position_68": {
        "Linear": 0.9887482754129476,
        "Quadratic": 0.9999996518074568,
        "Cubic": 0.9999999995023946,
        "Quartic": 0.9999999999985671
    },
    "position_78": {
        "Linear": 0.9887311041650398,
        "Quadratic": 0.9999996939689821,
        "Cubic": 0.9999999995351785,
        "Quartic": 0.9999999999987411
    },
    "position_60": {
        "Linear": 0.988726478340547,
        "Quadratic": 0.9999996480971913,
        "Cubic": 0.9999999994747624,
        "Quartic": 0.9999999999985527
    },
    "position_83": {
        "Linear": 0.9887039672684144,
        "Quadratic": 0.9999998189996465,
        "Cubic": 0.9999999997422218,
        "Quartic": 0.9999999999995297
    },
    "position_57": {
        "Linear": 0.9886830341465869,
        "Quadratic": 0.9999996486902565,
        "Cubic": 0.999999999305234,
        "Quartic": 0.9999999999984626
    },
    "position_84": {
        "Linear": 0.9886194959224456,
        "Quadratic": 0.9999997032702549,
        "Cubic": 0.9999999995390725,
        "Quartic": 0.999999999998825
    },
    "position_72": {
        "Linear": 0.9885762009290407,
        "Quadratic": 0.9999994554841868,
        "Cubic": 0.9999999993925155,
        "Quartic": 0.9999999999976217
    },
    "position_89": {
        "Linear": 0.9884918691912556,
        "Quadratic": 0.9999997369060573,
        "Cubic": 0.999999999858686,
        "Quartic": 0.9999999999997718
    },
    "position_62": {
        "Linear": 0.9884615745182812,
        "Quadratic": 0.9999995837104954,
        "Cubic": 0.9999999994826572,
        "Quartic": 0.9999999999983992
    },
    "position_79": {
        "Linear": 0.9884543921448233,
        "Quadratic": 0.9999996690279838,
        "Cubic": 0.9999999996242475,
        "Quartic": 0.9999999999991079
    },
    "position_91": {
        "Linear": 0.9883773341661152,
        "Quadratic": 0.9999996124760575,
        "Cubic": 0.9999999996209942,
        "Quartic": 0.9999999999990005
    },
    "position_58": {
        "Linear": 0.9881865179526468,
        "Quadratic": 0.9999996148492686,
        "Cubic": 0.9999999993379306,
        "Quartic": 0.9999999999984862
    },
    "position_6": {
        "Linear": 0.9881375588286463,
        "Quadratic": 0.9999996578002543,