{
    "position_6": {
        "Linear": 0.8743785189508152,
        "Bilinear": 0.9943186542989378,
        "Cubic": 0.9998391621643689,
        "4th": 0.9999970823608775
    },
    "position_8": {
        "Linear": 0.8250515919236421,
        "Bilinear": 0.9933328564650207,
        "Cubic": 0.9997987902702353,
        "4th": 0.9999946501829562
    },
    "position_10": {
        "Linear": 0.7919039464346045,
        "Bilinear": 0.9910060303330509,
        "Cubic": 0.9996973872860546,
        "4th": 0.9999911361317143
    },
    "position_11": {
        "Linear": 0.8536379496478121,
        "Bilinear": 0.9906322911002543,
        "Cubic": 0.9997114802922725,
        "4th": 0.9999934337195272
    },
    "position_12": {
        "Linear": 0.9193886345132001,
        "Bilinear": 0.9950504742631723,
        "Cubic": 0.9998827581878181,
        "4th": 0.9999982740956364
    },
    "position_13": {
        "Linear": 0.8183772953734083,
        "Bilinear": 0.9797955783414019,
        "Cubic": 0.9990205995936846,
        "4th": 0.9999573541769781
    },
    "position_14": {
        "Linear": 0.873413830174662,
        "Bilinear": 0.9928050230977735,
        "Cubic": 0.9997884044109374,
        "4th": 0.9999958292648293
    },
    "position_15": {
        "Linear": 0.8686979306264002,
        "Bilinear": 0.9842144150046646,
        "Cubic": 0.9993861431219739,
        "4th": 0.9999800416824989
    },
    "position_17": {
        "Linear": 0.9190902529851356,
        "Bilinear": 0.9909283405616572,
        "Cubic": 0.9999669931961047,
        "4th": 0.9999739243006986
    },
    "position_18": {
        "Linear": 0.9321648211628483,
        "Bilinear": 0.9933202053769088,
        "Cubic": 0.9998581079802281,
        "4th": 0.9999968992450156
    },
    "position_39": {
        "Linear": 1.0,
        "Bilinear": 1.0,
        "Cubic": 1.0,
        "4th": 1.0
    },
    "position_40": {
        "Linear": 1.0,
        "Bilinear": 1.0,
        "Cubic": 1.0,
        "4th": 1.0
    },
    "position_41": {
        "Linear": 0.7716089988845447,
        "Bilinear": 0.989434333736143,
        "Cubic": 0.9996098336786481,
        "4th": 0.9999875281624587
    },
    "position_42": {
        "Linear": 1.0,
        "Bilinear": 1.0,
        "Cubic": 1.0,
        "4th": 1.0
    },
    "position_43": {
        "Linear": 0.73109868541241,
        "Bilinear": 0.9855104890799423,
        "Cubic": 0.9994256058580817,
        "4th": 0.9999827390324351
    },
    "position_44": {
        "Linear": 1.0,
        "Bilinear": 1.0,
        "Cubic": 1.0,
        "4th": 1.0
    },
    "position_45": {
        "Linear": 1.0,
        "Bilinear": 1.0,
        "Cubic": 1.0,
        "4th": 1.0
    },
    "position_46": {
        "Linear": 0.7942437363527896,
        "Bilinear": 0.9911391747765012,
        "Cubic": 0.9996858828983147,
        "4th": 0.9999901806645809
    },
    "position_47": {
        "Linear": 1.0,
        "Bilinear": 1.0,
        "Cubic": 1.0,
        "4th": 1.0
    },
    "position_48": {
        "Linear": 1.0,
        "Bilinear": 1.0,
        "Cubic": 1.0,
        "4th": 1.0
    },
    "position_49": {
        "Linear": 0.7880345196710475,
        "Bilinear": 0.989969311539532,
        "Cubic": 0.9996502691593225,
        "4th": 0.9999896623985076
    },
    "position_50": {
        "Linear": 0.7787676647962902,
        "Bilinear": 0.9891820810148729,
        "Cubic": 0.9996127255352262,
        "4th": 0.9999883643537669
    }
}