{
    "position_1": {
        "Linear": 0.9959149923232589,
        "Quadratic": 0.9999334113433518,
        "Cubic": 0.9999821694625125,
        "Quartic": 0.9999859835478297
    },
    "position_2": {
        "Linear": 0.9952229489344533,
        "Quadratic": 0.9999239393942171,
        "Cubic": 0.9999808308700772,
        "Quartic": 0.9999850201079089
    },
    "position_3": {
        "Linear": 0.9952191153204868,
        "Quadratic": 0.9999263025027335,
        "Cubic": 0.9999819707714719,
        "Quartic": 0.999985976973005
    },
    "position_4": {
        "Linear": 0.9955585552060936,
        "Quadratic": 0.9999205312871903,
        "Cubic": 0.9999769088280854,
        "Quartic": 0.9999813794276773
    },
    "position_5": {
        "Linear": 0.9958752629536854,
        "Quadratic": 0.9999368103808738,
        "Cubic": 0.9999841914433072,
        "Quartic": 0.9999879319071159
    },
    "position_6": {
        "Linear": 0.9955115154053491,
        "Quadratic": 0.9998784860816585,
        "Cubic": 0.9999630237472287,
        "Quartic": 0.9999766331928572
    },
    "position_7": {
        "Linear": 0.9950982799296704,
        "Quadratic": 0.9999230189478965,
        "Cubic": 0.9999809877283381,
        "Quartic": 0.9999852052485956
    },
    "position_8": {
        "Linear": 0.9952616774068784,
        "Quadratic": 0.9999191442881414,
        "Cubic": 0.9999765367730198,
        "Quartic": 0.9999810594178642
    },
    "position_9": {
        "Linear": 0.9951608845673693,
        "Quadratic": 0.9999259823328442,
        "Cubic": 0.9999820536563392,
        "Quartic": 0.9999860546020307
    },
    "position_10": {
        "Linear": 0.995024167674497,
        "Quadratic": 0.9998801107981544,
        "Cubic": 0.9999529708279513,
        "Quartic": 0.9999702981541267
    },
    "position_11": {
        "Linear": 0.9953093319696608,
        "Quadratic": 0.999919805493736,
        "Cubic": 0.9999770805895651,
        "Quartic": 0.9999814761934835
    },
    "position_12": {
        "Linear": 0.9953883973442824,
        "Quadratic": 0.9999207212130626,
        "Cubic": 0.9999787745910527,
        "Quartic": 0.9999831121491018
    },
    "position_13": {
        "Linear": 0.9955443266494879,
        "Quadratic": 0.9999255324511956,
        "Cubic": 0.9999796795980463,
        "Quartic": 0.9999837306177553
    },
    "position_14": {
        "Linear": 0.9954431155110172,
        "Quadratic": 0.9999268115380041,
        "Cubic": 0.9999808782508436,
        "Quartic": 0.9999848380545839
    },
    "position_15": {
        "Linear": 0.996096930501547,
        "Quadratic": 0.999926685501074,
        "Cubic": 0.9999758022394909,
        "Quartic": 0.999980312977122
    },
    "position_16": {
        "Linear": 0.9952308491121259,
        "Quadratic": 0.99990244586664,
        "Cubic": 0.9999664364515833,
        "Quartic": 0.9999748285606658
    },
    "position_17": {
        "Linear": 0.9951584123899659,
        "Quadratic": 0.9999131125596997,
        "Cubic": 0.9999742292773666,
        "Quartic": 0.9999792824955137
    },
    "position_18": {
        "Linear": 0.9959520444365869,
        "Quadratic": 0.9999314919018943,
        "Cubic": 0.9999806407093954,
        "Quartic": 0.9999844487502431
    },
    "position_19": {
        "Linear": 0.9955335026587537,
        "Quadratic": 0.9999316262105418,
        "Cubic": 0.9999833720983088,
        "Quartic": 0.9999873173007983
    },
    "position_20": {
        "Linear": 0.9952991647554158,
        "Quadratic": 0.999917922377984,
        "Cubic": 0.9999766144913398,
        "Quartic": 0.9999811763249737
    },
    "position_21": {
        "Linear": 0.9952977931218733,
        "Quadratic": 0.9999181174988834,
        "Cubic": 0.9999758439890136,
        "Quartic": 0.999980516313474
    },
    "position_22": {
        "Linear": 0.9949795718662626,
        "Quadratic": 0.9999289090187647,
        "Cubic": 0.9999847253421468,
        "Quartic": 0.9999888894331345
    },
    "position_23": {
        "Linear": 0.9953799780512284,
        "Quadratic": 0.9999126184985772,
        "Cubic": 0.999972527466772,
        "Quartic": 0.9999781514460161
    },
    "position_24": {
        "Linear": 0.9953750073118695,
        "Quadratic": 0.9999282695282516,
        "Cubic": 0.9999828478197028,
        "Quartic": 0.9999869667501445
    },
    "position_25": {
        "Linear": 0.9956689300335007,
        "Quadratic": 0.9998776405527565,
        "Cubic": 0.9999640555916999,
        "Quartic": 0.9999770837884658
    },
    "position_26": {
        "Linear": 0.9951079605551547,
        "Quadratic": 0.9999230932248072,
        "Cubic": 0.9999809870383121,
        "Quartic": 0.9999852030158057
    },
    "position_27": {
        "Linear": 0.9960805229274442,
        "Quadratic": 0.9999263818064958,
        "Cubic": 0.9999757188178963,
        "Quartic": 0.9999802455286317
    },
    "position_28": {
        "Linear": 0.9951329877927283,
        "Quadratic": 0.9999305131062078,
        "Cubic": 0.9999848714727113,
        "Quartic": 0.9999889740127597
    },
    "position_29": {
        "Linear": 0.995694328125828,
        "Quadratic": 0.9999240789408264,
        "Cubic": 0.9999770345985722,
        "Quartic": 0.9999813868776697
    },
    "position_30": {
        "Linear": 0.9954530362291413,
        "Quadratic": 0.9999223440417796,
        "Cubic": 0.9999775259614408,
        "Quartic": 0.9999818363173645
    },
    "position_31": {
        "Linear": 0.9952968876091363,
        "Quadratic": 0.9999290296008397,
        "Cubic": 0.9999831914121013,
        "Quartic": 0.9999872198996926
    },
    "position_32": {
        "Linear": 0.9955964712434784,
        "Quadratic": 0.9999293307853072,
        "Cubic": 0.99998174198843,
        "Quartic": 0.9999857456136242
    },
    "position_33": {
        "Linear": 0.9951079605551547,
        "Quadratic": 0.9999230932248072,
        "Cubic": 0.9999809870383121,
        "Quartic": 0.9999852030158057
    },
    "position_34": {
        "Linear": 0.9954176552007048,
        "Quadratic": 0.9999289406879983,
        "Cubic": 0.9999824385370226,
        "Quartic": 0.9999863271708128
    },
    "position_35": {
        "Linear": 0.9954067993227574,
        "Quadratic": 0.999920626575245,
        "Cubic": 0.9999766573937887,
        "Quartic": 0.9999811274741339
    },
    "position_36": {
        "Linear": 0.9955692998735729,
        "Quadratic": 0.9999306365614729,
        "Cubic": 0.9999825202048636,
        "Quartic": 0.9999863601804327
    },
    "position_37": {
        "Linear": 0.995485987965363,
        "Quadratic": 0.9999137684501032,
        "Cubic": 0.9999726159929905,
        "Quartic": 0.9999781978189833
    },
    "position_38": {
        "Linear": 0.9958229508657676,
        "Quadratic": 0.9999223894070566,
        "Cubic": 0.9999751838677569,
        "Quartic": 0.9999798650979073
    },
    "position_39": {
        "Linear": 0.9954206931429602,
        "Quadratic": 0.999908477177745,
        "Cubic": 0.999970007397078,
        "Quartic": 0.999976917719993
    },
    "position_40": {
        "Linear": 0.9952021514634423,
        "Quadratic": 0.9999277099879658,
        "Cubic": 0.9999829348545506,
        "Quartic": 0.9999870277038801
    },
    "position_41": {
        "Linear": 0.995293807084489,
        "Quadratic": 0.9999296185903771,
        "Cubic": 0.9999833449655898,
        "Quartic": 0.9999873565700261
    },
    "position_42": {
        "Linear": 0.9953883973442824,
        "Quadratic": 0.9999207212130626,
        "Cubic": 0.9999787745910527,
        "Quartic": 0.9999831121491018
    },
    "position_43": {
        "Linear": 0.9959149923232589,
        "Quadratic": 0.9999334113433518,