{
    "position_60": {
        "Linear": 0.9961666242690943,
        "Quadratic": 0.999919570793159,
        "Cubic": 0.9999707944874697,
        "Quartic": 0.9999775992110411
    },
    "position_67": {
        "Linear": 0.9961101506872241,
        "Quadratic": 0.9999234077602585,
        "Cubic": 0.9999741317867581,
        "Quartic": 0.9999792946252855
    },
    "position_15": {
        "Linear": 0.996096930501547,
        "Quadratic": 0.999926685501074,
        "Cubic": 0.9999758022394909,
        "Quartic": 0.999980312977122
    },
    "position_27": {
        "Linear": 0.9960805229274442,
        "Quadratic": 0.9999263818064958,
        "Cubic": 0.9999757188178963,
        "Quartic": 0.9999802455286317
    },
    "position_55": {
        "Linear": 0.9959690509866213,
        "Quadratic": 0.9999317790598046,
        "Cubic": 0.9999807078158373,
        "Quartic": 0.9999845022709449
    },
    "position_18": {
        "Linear": 0.9959520444365869,
        "Quadratic": 0.9999314919018943,
        "Cubic": 0.9999806407093954,
        "Quartic": 0.9999844487502431
    },
    "position_83": {
        "Linear": 0.9959462633394207,
        "Quadratic": 0.9999340143015345,
        "Cubic": 0.9999823082517358,
        "Quartic": 0.9999860876199322
    },
    "position_65": {
        "Linear": 0.995943627375295,
        "Quadratic": 0.9999335866113912,
        "Cubic": 0.9999817456201161,
        "Quartic": 0.9999854531502846
    },
    "position_100": {
        "Linear": 0.9959291053707943,
        "Quadratic": 0.999933732626054,
        "Cubic": 0.9999822461710945,
        "Quartic": 0.9999860391626499
    },
    "position_86": {
        "Linear": 0.9959219530062375,
        "Quadratic": 0.9999157014293792,
        "Cubic": 0.9999703270010953,
        "Quartic": 0.9999772938732311
    },
    "position_1": {
        "Linear": 0.9959149923232589,
        "Quadratic": 0.9999334113433518,
        "Cubic": 0.9999821694625125,
        "Quartic": 0.9999859835478297
    },
    "position_43": {
        "Linear": 0.9959149923232589,
        "Quadratic": 0.9999334113433518,
        "Cubic": 0.9999821694625125,
        "Quartic": 0.9999859835478297
    },
    "position_85": {
        "Linear": 0.9959027585250936,
        "Quadratic": 0.9999352982153804,
        "Cubic": 0.9999831898615192,
        "Quartic": 0.9999868407083359
    },
    "position_5": {
        "Linear": 0.9958752629536854,
        "Quadratic": 0.9999368103808738,
        "Cubic": 0.9999841914433072,
        "Quartic": 0.9999879319071159
    },
    "position_57": {
        "Linear": 0.9958471108283664,
        "Quadratic": 0.9999192713956884,
        "Cubic": 0.9999735737093973,
        "Quartic": 0.9999789047518793
    },
    "position_38": {
        "Linear": 0.9958229508657676,
        "Quadratic": 0.9999223894070566,
        "Cubic": 0.9999751838677569,
        "Quartic": 0.9999798650979073
    },
    "position_68": {
        "Linear": 0.9958128868858982,
        "Quadratic": 0.9999141694916842,
        "Cubic": 0.9999698593929053,
        "Quartic": 0.999977257399965
    },
    "position_75": {
        "Linear": 0.9958088353366505,
        "Quadratic": 0.9999139980331214,
        "Cubic": 0.9999702774323345,
        "Quartic": 0.999977291017986
    },
    "position_46": {
        "Linear": 0.995791152265967,
        "Quadratic": 0.9999136681543077,
        "Cubic": 0.9999710670708141,
        "Quartic": 0.9999776882354694
    },
    "position_81": {
        "Linear": 0.9957723689558436,
        "Quadratic": 0.9999130650163762,
        "Cubic": 0.9999704562202565,
        "Quartic": 0.999977183256557
    },
    "position_44": {
        "Linear": 0.9957181123863144,
        "Quadratic": 0.9998778880283827,
        "Cubic": 0.9999639555883921,
        "Quartic": 0.9999770068220402
    },
    "position_29": {
        "Linear": 0.995694328125828,
        "Quadratic": 0.9999240789408264,
        "Cubic": 0.9999770345985722,
        "Quartic": 0.9999813868776697
    },
    "position_71": {
        "Linear": 0.9956818250048296,
        "Quadratic": 0.9999233539582796,
        "Cubic": 0.9999767716062941,
        "Quartic": 0.9999812100490924
    },
    "position_91": {
        "Linear": 0.9956727317330318,
        "Quadratic": 0.999912334186369,
        "Cubic": 0.9999699466761773,
        "Quartic": 0.9999773693528107
    },
    "position_25": {
        "Linear": 0.9956689300335007,
        "Quadratic": 0.9998776405527565,
        "Cubic": 0.9999640555916999,
        "Quartic": 0.9999770837884658
    },
    "position_77": {
        "Linear": 0.995639277854475,
        "Quadratic": 0.9999114392514801,
        "Cubic": 0.9999705898746067,
        "Quartic": 0.9999773341436748
    },
    "position_90": {
        "Linear": 0.9956357772151881,
        "Quadratic": 0.9999236885052648,
        "Cubic": 0.9999774485719126,
        "Quartic": 0.999981708289067
    },
    "position_66": {
        "Linear": 0.9956157695618957,
        "Quadratic": 0.9999234907491111,
        "Cubic": 0.9999771154522906,
        "Quartic": 0.9999814627933341
    },
    "position_92": {
        "Linear": 0.9956116037779322,
        "Quadratic": 0.9998765056027158,
        "Cubic": 0.9999636887914516,
        "Quartic": 0.9999768459054287
    },
    "position_61": {
        "Linear": 0.9956014916692355,
        "Quadratic": 0.9999236733924284,
        "Cubic": 0.9999777801021307,
        "Quartic": 0.9999820087211629
    },
    "position_32": {
        "Linear": 0.9955964712434784,
        "Quadratic": 0.9999293307853072,
        "Cubic": 0.99998174198843,
        "Quartic": 0.9999857456136242
    },
    "position_89": {
        "Linear": 0.9955934499783868,
        "Quadratic": 0.9999333421452864,
        "Cubic": 0.9999837961206021,
        "Quartic": 0.9999876641293425
    },
    "position_73": {
        "Linear": 0.9955837489913696,
        "Quadratic": 0.9999109181915791,
        "Cubic": 0.9999706118155992,
        "Quartic": 0.9999773670063808
    },
    "position_36": {
        "Linear": 0.9955692998735729,
        "Quadratic": 0.9999306365614729,
        "Cubic": 0.9999825202048636,
        "Quartic": 0.9999863601804327
    },
    "position_4": {
        "Linear": 0.9955585552060936,
        "Quadratic": 0.9999205312871903,
        "Cubic": 0.9999769088280854,
        "Quartic": 0.9999813794276773
    },
    "position_62": {
        "Linear": 0.9955534362504114,
        "Quadratic": 0.9999228725130713,
        "Cubic": 0.9999771525694828,
        "Quartic": 0.9999815135699952
    },
    "position_87": {
        "Linear": 0.9955534362504114,
        "Quadratic": 0.9999228725130713,
        "Cubic": 0.9999771525694828,
        "Quartic": 0.9999815135699952
    },
    "position_13": {
        "Linear": 0.9955443266494879,
        "Quadratic": 0.9999255324511956,
        "Cubic": 0.9999796795980463,
        "Quartic": 0.9999837306177553
    },
    "position_19": {
        "Linear": 0.9955335026587537,
        "Quadratic": 0.9999316262105418,
        "Cubic": 0.9999833720983088,
        "Quartic": 0.9999873173007983
    },
    "position_70": {
        "Linear": 0.9955237303348619,
        "Quadratic": 0.9999093776478047,
        "Cubic": 0.9999690618331862,
        "Quartic": 0.9999763827213358
    },
    "position_76": {
        "Linear": 0.995520963549526,
        "Quadratic": 0.9999234508311192,
        "Cubic": 0.9999779289579201,
        "Quartic": 0.999982119028745
    },
    "position_82": {
        "Linear": 0.9955134085254962,
        "Quadratic": 0.9999208929765943,
        "Cubic": 0.999976281537756,
        "Quartic": 0.9999808313286339
    },
    "position_74": {
        "Linear": 0.995513164778918,
        "Quadratic": 0.9999281802467123,