{
    "position_4": {
        "Linear": 0.9945865909560906,
        "Quadratic": 0.9999991037262743,
        "Cubic": 0.9999999510662445,
        "Quartic": 0.9999999997628826
    },
    "position_1": {
        "Linear": 0.9945865909558504,
        "Quadratic": 0.9999991037262742,
        "Cubic": 0.9999999510662445,
        "Quartic": 0.9999999997628826
    },
    "position_2": {
        "Linear": 0.9945865909558504,
        "Quadratic": 0.9999991037262742,
        "Cubic": 0.9999999510662445,
        "Quartic": 0.9999999997628826
    },
    "position_5": {
        "Linear": 0.9945865909558504,
        "Quadratic": 0.9999991037262742,
        "Cubic": 0.9999999510662445,
        "Quartic": 0.9999999997628826
    },
    "position_6": {
        "Linear": 0.9945865909558504,
        "Quadratic": 0.9999991037262742,
        "Cubic": 0.9999999510662445,
        "Quartic": 0.9999999997628826
    }
}