{
    "position_1": {
        "Linear": 0.9945865909558504,
        "Quadratic": 0.9999991037262742,
        "Cubic": 0.9999999510662445,
        "Quartic": 0.9999999997628826
    },
    "position_2": {
        "Linear": 0.9945865909558504,
        "Quadratic": 0.9999991037262742,
        "Cubic": 0.9999999510662445,
        "Quartic": 0.9999999997628826
    },
    "position_3": {
        "Linear": 0.9945865909556079,
        "Quadratic": 0.9999991037262742,
        "Cubic": 0.9999999510662445,
        "Quartic": 0.9999999997628826
    },
    "position_4": {
        "Linear": 0.9945865909560906,
        "Quadratic": 0.9999991037262743,
        "Cubic": 0.9999999510662445,
        "Quartic": 0.9999999997628826
    },
    "position_5": {
        "Linear": 0.9945865909558504,
        "Quadratic": 0.9999991037262742,
        "Cubic": 0.9999999510662445,
        "Quartic": 0.9999999997628826
    },
    "position_6": {
        "Linear": 0.9945865909558504,
        "Quadratic": 0.9999991037262742,
        "Cubic": 0.9999999510662445,
        "Quartic": 0.9999999997628826
    },
    "position_7": {
        "Linear": 0.9942240280957183,
        "Quadratic": 0.9999990038603624,
        "Cubic": 0.9999999516787009,
        "Quartic": 0.9999999997650668
    },
    "position_8": {
        "Linear": 0.9942240280951822,
        "Quadratic": 0.9999990038603622,
        "Cubic": 0.9999999516787009,
        "Quartic": 0.9999999997650668
    },
    "position_9": {
        "Linear": 0.9942240280951822,
        "Quadratic": 0.9999990038603622,
        "Cubic": 0.9999999516787009,
        "Quartic": 0.9999999997650668
    },
    "position_10": {
        "Linear": 0.9942240280957183,
        "Quadratic": 0.9999990038603624,
        "Cubic": 0.9999999516787009,
        "Quartic": 0.9999999997650668
    }
}