{
    "position_93": {
        "Linear": 0.9936480511369402,
        "Quadratic": 0.9999913871722566,
        "Cubic": 0.9999997519044453,
        "Quartic": 0.999999851225919
    },
    "position_80": {
        "Linear": 0.9928714997169067,
        "Quadratic": 0.9999871949351857,
        "Cubic": 0.9999996663181635,
        "Quartic": 0.9999998403244125
    },
    "position_98": {
        "Linear": 0.9918497818684763,
        "Quadratic": 0.9999908923557076,
        "Cubic": 0.9999998345672149,
        "Quartic": 0.9999999393708998
    },
    "position_71": {
        "Linear": 0.9918080745265437,
        "Quadratic": 0.9999828795333421,
        "Cubic": 0.9999990656181471,
        "Quartic": 0.999999479827476
    },
    "position_95": {
        "Linear": 0.9916731555251669,
        "Quadratic": 0.9999778379934131,
        "Cubic": 0.9999970590156589,
        "Quartic": 0.9999990094193535
    },
    "position_72": {
        "Linear": 0.9916508536669546,
        "Quadratic": 0.999981231403167,
        "Cubic": 0.9999993472386605,
        "Quartic": 0.9999997013907609
    },
    "position_88": {
        "Linear": 0.9915232582266404,
        "Quadratic": 0.9999774167539459,
        "Cubic": 0.9999974416881178,
        "Quartic": 0.9999993487942217
    },
    "position_44": {
        "Linear": 0.9914002010915111,
        "Quadratic": 0.9999875335514579,
        "Cubic": 0.9999994708922417,
        "Quartic": 0.9999997387108719
    },
    "position_90": {
        "Linear": 0.9913888147054529,
        "Quadratic": 0.9999755229283687,
        "Cubic": 0.9999962884308867,
        "Quartic": 0.999998850732154
    },
    "position_62": {
        "Linear": 0.9913445137997814,
        "Quadratic": 0.9999792712958601,
        "Cubic": 0.9999985988150053,
        "Quartic": 0.999999579562424
    },
    "position_68": {
        "Linear": 0.991334569917399,
        "Quadratic": 0.9999783899177277,
        "Cubic": 0.9999979226379992,
        "Quartic": 0.9999996256883781
    },
    "position_85": {
        "Linear": 0.9912067103529549,
        "Quadratic": 0.9999940699782782,
        "Cubic": 0.9999998586214599,
        "Quartic": 0.9999999034677279
    },
    "position_24": {
        "Linear": 0.9909945391363187,
        "Quadratic": 0.9999896103679393,
        "Cubic": 0.9999999650036903,
        "Quartic": 0.9999999988204766
    },
    "position_97": {
        "Linear": 0.9905663053479296,
        "Quadratic": 0.9999770101867911,
        "Cubic": 0.9999980492327041,
        "Quartic": 0.9999987931466002
    },
    "position_91": {
        "Linear": 0.9897364742160986,
        "Quadratic": 0.9999688644784557,
        "Cubic": 0.9999969859474602,
        "Quartic": 0.9999982566026315
    },
    "position_87": {
        "Linear": 0.9896708167481951,
        "Quadratic": 0.9999688923401212,
        "Cubic": 0.9999965212079398,
        "Quartic": 0.9999980565517206
    },
    "position_77": {
        "Linear": 0.9895755807424548,
        "Quadratic": 0.9999717527737916,
        "Cubic": 0.9999986800556036,
        "Quartic": 0.9999993559073301
    },
    "position_82": {
        "Linear": 0.9888055678540013,
        "Quadratic": 0.9999593474834213,
        "Cubic": 0.9999949997068645,
        "Quartic": 0.9999968956023375
    },
    "position_69": {
        "Linear": 0.9884967438530592,
        "Quadratic": 0.9999600987629844,
        "Cubic": 0.9999981897684026,
        "Quartic": 0.9999994282715441
    },
    "position_78": {
        "Linear": 0.9872483896376655,
        "Quadratic": 0.9999572176553605,
        "Cubic": 0.9999981839662502,
        "Quartic": 0.9999997090409828
    },
    "position_76": {
        "Linear": 0.9854295890722509,
        "Quadratic": 0.9999405507728993,
        "Cubic": 0.9999983935854727,
        "Quartic": 0.9999997815635687
    },
    "position_81": {
        "Linear": 0.9844854662111066,
        "Quadratic": 0.9999234497076542,
        "Cubic": 0.9999929640532726,
        "Quartic": 0.9999990959506573
    },
    "position_74": {
        "Linear": 0.98408037379693,
        "Quadratic": 0.9999735768681516,
        "Cubic": 0.9999981360579451,
        "Quartic": 0.999999489494684
    },
    "position_70": {
        "Linear": 0.9837204914120729,
        "Quadratic": 0.9999258795435956,
        "Cubic": 0.999990561223797,
        "Quartic": 0.9999979173083595
    },
    "position_73": {
        "Linear": 0.9807769715317824,
        "Quadratic": 0.999956465237461,
        "Cubic": 0.9999976936845008,
        "Quartic": 0.999999402255367
    },
    "position_83": {
        "Linear": 0.9780528940756466,
        "Quadratic": 0.9999530430184557,
        "Cubic": 0.9999983343309959,
        "Quartic": 0.9999990946750803
    },
    "position_100": {
        "Linear": 0.9777334050116555,
        "Quadratic": 0.9999521498917664,
        "Cubic": 0.9999966823187981,
        "Quartic": 0.9999984110290563
    },
    "position_96": {
        "Linear": 0.9770848875587546,
        "Quadratic": 0.9999324611043411,
        "Cubic": 0.9999919341117912,
        "Quartic": 0.9999987564925265
    },
    "position_66": {
        "Linear": 0.9753906995587993,
        "Quadratic": 0.9999409742998719,
        "Cubic": 0.9999990685942876,
        "Quartic": 0.9999999301970172
    },
    "position_84": {
        "Linear": 0.9748542462322677,
        "Quadratic": 0.9999355466278496,
        "Cubic": 0.9999944877164697,
        "Quartic": 0.9999989299340287
    },
    "position_63": {
        "Linear": 0.9748192300814483,
        "Quadratic": 0.9999142274716912,
        "Cubic": 0.9999970345912016,
        "Quartic": 0.9999991888989345
    },
    "position_89": {
        "Linear": 0.9727282223505135,
        "Quadratic": 0.99996715919395,
        "Cubic": 0.9999970776930911,
        "Quartic": 0.9999975481371769
    },
    "position_67": {
        "Linear": 0.9727092777717309,
        "Quadratic": 0.9999016425166012,
        "Cubic": 0.9999972803191718,
        "Quartic": 0.9999996367708023
    },
    "position_94": {
        "Linear": 0.9699195237147875,
        "Quadratic": 0.9999282161992519,
        "Cubic": 0.9999993831950923,
        "Quartic": 0.9999999812249442
    },
    "position_75": {
        "Linear": 0.9696150326953628,
        "Quadratic": 0.9999475560321986,
        "Cubic": 0.9999933412282411,
        "Quartic": 0.9999986216103635
    },
    "position_61": {
        "Linear": 0.9689285703240336,
        "Quadratic": 0.9999311568229682,
        "Cubic": 0.9999924729329653,
        "Quartic": 0.9999959163863453
    },
    "position_65": {
        "Linear": 0.9622016317496199,
        "Quadratic": 0.9998973021398663,
        "Cubic": 0.9999958134754694,
        "Quartic": 0.9999995861309471
    },
    "position_12": {
        "Linear": 0.9605814493456117,
        "Quadratic": 0.999925523375226,
        "Cubic": 0.999998261476262,
        "Quartic": 0.9999992677159769
    },
    "position_92": {
        "Linear": 0.9540634679811654,
        "Quadratic": 0.9999097873404043,
        "Cubic": 0.9999971464972994,
        "Quartic": 0.9999992109693181
    },
    "position_42": {
        "Linear": 0.9450004186598585,
        "Quadratic": 0.9998839096402659,
        "Cubic": 0.9999960933546964,
        "Quartic": 0.9999982618977118
    },
    "position_64": {
        "Linear": 0.9353475559347411,
        "Quadratic": 0.9998789243842116,
        "Cubic": 0.9999994550921062,
        "Quartic": 0.9999999041233758
    },
    "position_34": {
        "Linear": 0.9311474468611508,
        "Quadratic": 0.9998817738450247,
        "Cubic": 0.9999952715059306,
        "Quartic": 0.9999984714790255
    },
    "position_99": {
        "Linear": 0.9301322051689498,
        "Quadratic": 0.9996836286667369,