{
    "position_1": {
        "Linear": 0.4719309934334348,
        "Quadratic": 0.9964100483716994,
        "Cubic": 0.9998506398046331,
        "Quartic": 0.9999576998060561
    },
    "position_2": {
        "Linear": 0.12642750335844688,
        "Quadratic": 0.9926538776478221,
        "Cubic": 0.9994100194933502,
        "Quartic": 0.9997755439678889
    },
    "position_3": {
        "Linear": 0.8063292278344272,
        "Quadratic": 0.9992193589298738,
        "Cubic": 0.9999725617583557,
        "Quartic": 0.9999849717025832
    },
    "position_4": {
        "Linear": -1.1470205055912448,
        "Quadratic": 0.982584361549362,
        "Cubic": 0.9996131383900736,
        "Quartic": 0.9999869274711894
    },
    "position_5": {
        "Linear": 0.8621040358423593,
        "Quadratic": 0.9996131082126418,
        "Cubic": 0.9999925647769993,
        "Quartic": 0.999995321068583
    },
    "position_6": {
        "Linear": 0.7108552691875358,
        "Quadratic": 0.9988597687030886,
        "Cubic": 0.9999951774479876,
        "Quartic": 0.9999996566260207
    },
    "position_7": {
        "Linear": -0.007232515720536403,
        "Quadratic": 0.9917848174662415,
        "Cubic": 0.9998483538816343,
        "Quartic": 0.999974844601969
    },
    "position_8": {
        "Linear": 0.8952644838745385,
        "Quadratic": 0.9994792280924785,
        "Cubic": 0.9999702853402775,
        "Quartic": 0.999988438693452
    },
    "position_9": {
        "Linear": 0.5559543567996854,
        "Quadratic": 0.9971133113615156,
        "Cubic": 0.9998889766666722,
        "Quartic": 0.9999595837694734
    },
    "position_10": {
        "Linear": 0.6536089658554487,
        "Quadratic": 0.9983619816742849,
        "Cubic": 0.9999894609546846,
        "Quartic": 0.9999998359396132
    },
    "position_11": {
        "Linear": 0.8852322948737277,
        "Quadratic": 0.999395075002189,
        "Cubic": 0.9999745141345666,
        "Quartic": 0.9999907088228378
    },
    "position_12": {
        "Linear": 0.9605814493456117,
        "Quadratic": 0.999925523375226,
        "Cubic": 0.999998261476262,
        "Quartic": 0.9999992677159769
    },
    "position_13": {
        "Linear": 0.5740447048038346,
        "Quadratic": 0.9976225477554267,
        "Cubic": 0.9999617051701226,
        "Quartic": 0.9999851943850214
    },
    "position_14": {
        "Linear": 0.8500571659039704,
        "Quadratic": 0.9994454330084828,
        "Cubic": 0.9999963912747264,
        "Quartic": 0.9999999108639732
    },
    "position_15": {
        "Linear": 0.7528980949270485,
        "Quadratic": 0.9990964101588982,
        "Cubic": 0.9999809272793952,
        "Quartic": 0.9999862945313507
    },
    "position_16": {
        "Linear": 0.7183367754245411,
        "Quadratic": 0.998835729168652,
        "Cubic": 0.9999748974234397,
        "Quartic": 0.9999829929685468
    },
    "position_17": {
        "Linear": 0.400718634915161,
        "Quadratic": 0.9961011963133718,
        "Cubic": 0.9998960491580553,
        "Quartic": 0.9999811233338537
    },
    "position_18": {
        "Linear": 0.18231825563320303,
        "Quadratic": 0.994089024439641,
        "Cubic": 0.9999182326746578,
        "Quartic": 0.9999985817634096
    },
    "position_19": {
        "Linear": -1.4904648601585353,
        "Quadratic": 0.9828806178469706,
        "Cubic": 0.9995297797013099,
        "Quartic": 0.9999794638949969
    },
    "position_20": {
        "Linear": 0.5011274909507659,
        "Quadratic": 0.9966632730537811,
        "Cubic": 0.9998287698522293,
        "Quartic": 0.9999222179796122
    },
    "position_21": {
        "Linear": 0.6432319495926002,
        "Quadratic": 0.9985994806492197,
        "Cubic": 0.999985876184366,
        "Quartic": 0.9999974932024238
    },
    "position_22": {
        "Linear": 0.35864471950136567,
        "Quadratic": 0.995429772169834,
        "Cubic": 0.9999254816580821,
        "Quartic": 0.9999931899656544
    },
    "position_23": {
        "Linear": 0.7477147179897321,
        "Quadratic": 0.9990237892558416,
        "Cubic": 0.9999845647693696,
        "Quartic": 0.9999943663490525
    },
    "position_24": {
        "Linear": 0.9909945391363187,
        "Quadratic": 0.9999896103679393,
        "Cubic": 0.9999999650036903,
        "Quartic": 0.9999999988204766
    },
    "position_25": {
        "Linear": 0.8747063984114418,
        "Quadratic": 0.9997448092425286,
        "Cubic": 0.9999965770325884,
        "Quartic": 0.9999978247400211
    },
    "position_26": {
        "Linear": -1.0937011405588764,
        "Quadratic": 0.9845031917344449,
        "Cubic": 0.9996204048143997,
        "Quartic": 0.9999858084464667
    },
    "position_27": {
        "Linear": 0.6251486503116673,
        "Quadratic": 0.9979744287961918,
        "Cubic": 0.9999819888747297,
        "Quartic": 0.9999996722080123
    },
    "position_28": {
        "Linear": 0.44263056994726646,
        "Quadratic": 0.9963833514223102,
        "Cubic": 0.9998906726226351,
        "Quartic": 0.9999596489255461
    },
    "position_29": {
        "Linear": -0.5207162162572387,
        "Quadratic": 0.987371682957253,
        "Cubic": 0.9997969172833655,
        "Quartic": 0.9999955937904809
    },
    "position_30": {
        "Linear": 0.8622402434628916,
        "Quadratic": 0.9996693026156575,
        "Cubic": 0.999996827063517,
        "Quartic": 0.9999983819636153
    },
    "position_31": {
        "Linear": -3.2997379322011673,
        "Quadratic": 0.9828379019646771,
        "Cubic": 0.9995964338711076,
        "Quartic": 0.9999825302142674
    },
    "position_32": {
        "Linear": -2.133922404525939,
        "Quadratic": 0.9767629731995708,
        "Cubic": 0.9994303205706562,
        "Quartic": 0.9999741750943419
    },
    "position_33": {
        "Linear": 0.07901187512238761,
        "Quadratic": 0.99274998291606,
        "Cubic": 0.9998604181408701,
        "Quartic": 0.9999540447909753
    },
    "position_34": {
        "Linear": 0.9311474468611508,
        "Quadratic": 0.9998817738450247,
        "Cubic": 0.9999952715059306,
        "Quartic": 0.9999984714790255
    },
    "position_35": {
        "Linear": 0.9127631261445969,
        "Quadratic": 0.9998182975106044,
        "Cubic": 0.999996086878314,
        "Quartic": 0.9999984975174729
    },
    "position_36": {
        "Linear": 0.22804131503726033,
        "Quadratic": 0.9943797165949658,
        "Cubic": 0.9999248739079988,
        "Quartic": 0.9999975208837676
    },
    "position_37": {
        "Linear": -1.4212504365063166,
        "Quadratic": 0.9826611116183726,
        "Cubic": 0.9995449643365105,
        "Quartic": 0.9999792856366431
    },
    "position_38": {
        "Linear": 0.5703285410919077,
        "Quadratic": 0.9973501686618257,
        "Cubic": 0.9999624299524519,
        "Quartic": 0.9999976813555065
    },
    "position_39": {
        "Linear": 0.7234937044966638,
        "Quadratic": 0.9990150110114101,
        "Cubic": 0.9999884942442555,
        "Quartic": 0.9999954191616737
    },
    "position_40": {
        "Linear": -0.0947311872515828,
        "Quadratic": 0.9907589977177932,
        "Cubic": 0.9994729320554174,
        "Quartic": 0.9998204897977937
    },
    "position_41": {
        "Linear": 0.9292069275440181,
        "Quadratic": 0.999811448302206,
        "Cubic": 0.9999976950146512,
        "Quartic": 0.9999989657511621
    },
    "position_42": {
        "Linear": 0.9450004186598585,
        "Quadratic": 0.9998839096402659,
        "Cubic": 0.9999960933546964,
        "Quartic": 0.9999982618977118
    },
    "position_43": {
        "Linear": 0.400718634915161,
        "Quadratic": 0.9961011963133718,